gameid,datacompleteness,url,league,year,split,playoffs,date,game,patch,participantid,side,position,playername,playerid,teamname,teamid,firstPick,champion,ban1,ban2,ban3,ban4,ban5,pick1,pick2,pick3,pick4,pick5,gamelength,result,kills,deaths,assists,teamkills,teamdeaths,doublekills,triplekills,quadrakills,pentakills,firstblood,firstbloodkill,firstbloodassist,firstbloodvictim,team kpm,ckpm,firstdragon,dragons,opp_dragons,elementaldrakes,opp_elementaldrakes,infernals,mountains,clouds,oceans,chemtechs,hextechs,dragons (type unknown),elders,opp_elders,firstherald,heralds,opp_heralds,void_grubs,opp_void_grubs,firstbaron,barons,opp_barons,atakhans,opp_atakhans,firsttower,towers,opp_towers,firstmidtower,firsttothreetowers,turretplates,opp_turretplates,inhibitors,opp_inhibitors,damagetochampions,dpm,damageshare,damagetakenperminute,damagemitigatedperminute,damagetotowers,wardsplaced,wpm,wardskilled,wcpm,controlwardsbought,visionscore,vspm,totalgold,earnedgold,earned gpm,earnedgoldshare,goldspent,gspd,gpr,total cs,minionkills,monsterkills,monsterkillsownjungle,monsterkillsenemyjungle,cspm,goldat10,xpat10,csat10,opp_goldat10,opp_xpat10,opp_csat10,golddiffat10,xpdiffat10,csdiffat10,killsat10,assistsat10,deathsat10,opp_killsat10,opp_assistsat10,opp_deathsat10,goldat15,xpat15,csat15,opp_goldat15,opp_xpat15,opp_csat15,golddiffat15,xpdiffat15,csdiffat15,killsat15,assistsat15,deathsat15,opp_killsat15,opp_assistsat15,opp_deathsat15,goldat20,xpat20,csat20,opp_goldat20,opp_xpat20,opp_csat20,golddiffat20,xpdiffat20,csdiffat20,killsat20,assistsat20,deathsat20,opp_killsat20,opp_assistsat20,opp_deathsat20,goldat25,xpat25,csat25,opp_goldat25,opp_xpat25,opp_csat25,golddiffat25,xpdiffat25,csdiffat25,killsat25,assistsat25,deathsat25,opp_killsat25,opp_assistsat25,opp_deathsat25
LOLTMNT05_214176,complete,,LEC,2026,Summer,0,2026-07-24 14:46:02,1,16.14,1,Blue,top,Myrwn,oe:player:ede24d5e0911d7a4f6ec514a67802ff,Movistar KOI,oe:team:4acc40654379b4da680be1bd3129dfa,1,Jayce,Poppy,Syndra,Shen,Naafiri,Vayne,,,,,,1794,1,4,0,7,22,6,1,0,0,0,0,0,0,0,0.7358,0.9365,,,,,,,,,,,,,,,,,,,,,0,0,,,,,,,,,,0,0,32898,1100.2676,0.328137,415.0167,287.4247,13186,16,0.5351,6,0.2007,6,37,1.2375,14256,10321,345.1839,0.233028,14250,,,302,293,9,,,10.1003,4329,5214,85,3215,4732,84,1114,482,1,2,0,0,0,0,0,6757,9315,146,4983,8202,137,1774,1113,9,2,0,0,0,0,0,9308,12677,206,6870,10972,190,2438,1705,16,2,1,0,0,0,2,11696,17221,261,9031,13754,243,2665,3467,18,3,3,0,0,0,3
LOLTMNT05_214176,complete,,LEC,2026,Summer,0,2026-07-24 14:46:02,1,16.14,2,Blue,jng,Elyoya,oe:player:8a8f18e4b7d0f30c19c5fb99a526951,Movistar KOI,oe:team:4acc40654379b4da680be1bd3129dfa,1,Lee Sin,Poppy,Syndra,Shen,Naafiri,Vayne,,,,,,1794,1,8,0,4,22,6,1,0,0,0,1,1,0,0,0.7358,0.9365,,,,,,,,,,,,,,,,,,,,,1,0,,,,,,,,,,0,0,18727,626.3211,0.18679,874.3478,1124.7157,6759,15,0.5017,8,0.2676,6,46,1.5385,14378,10443,349.2642,0.235783,12000,,,237,14,223,,,7.9264,4217,4582,89,3553,3848,68,664,734,21,1,1,0,1,0,1,5998,7199,130,5325,6448,114,673,751,16,1,2,0,1,0,1,8812,10683,170,7629,8607,140,1183,2076,30,3,2,0,2,0,2,11147,13922,213,9385,11001,171,1762,2921,42,4,3,0,2,0,3
LOLTMNT05_214176,complete,,LEC,2026,Summer,0,2026-07-24 14:46:02,1,16.14,3,Blue,mid,Jojopyun,oe:player:83eb62484689106807fcf5ad55b5479,Movistar KOI,oe:team:4acc40654379b4da680be1bd3129dfa,1,Galio,Poppy,Syndra,Shen,Naafiri,Vayne,,,,,,1794,1,4,1,9,22,6,1,0,0,0,1,0,1,0,0.7358,0.9365,,,,,,,,,,,,,,,,,,,,,0,0,,,,,,,,,,1,0,19551,653.8796,0.195009,589.8997,872.7425,8048,14,0.4682,5,0.1672,3,36,1.2040,12419,8484,283.7458,0.191551,12125,,,261,261,0,,,8.7291,3543,4963,94,3350,4765,92,193,198,2,0,2,0,0,0,1,6259,7386,142,5005,6805,134,1254,581,8,3,2,0,0,0,3,8231,10478,188,7114,9523,178,1117,955,10,3,3,1,0,1,3,9983,13270,227,9530,12660,242,453,610,-15,3,4,1,0,1,3
LOLTMNT05_214176,complete,,LEC,2026,Summer,0,2026-07-24 14:46:02,1,16.14,4,Blue,bot,Supa,oe:player:1223a0ed2bfab9b714c72d965df8133,Movistar KOI,oe:team:4acc40654379b4da680be1bd3129dfa,1,Akali,Poppy,Syndra,Shen,Naafiri,Vayne,,,,,,1794,1,6,2,6,22,6,0,0,0,0,0,0,0,0,0.7358,0.9365,,,,,,,,,,,,,,,,,,,,,0,0,,,,,,,,,,0,0,19632,656.5886,0.195817,727.8930,484.4147,9078,11,0.3679,4,0.1338,5,34,1.1371,14132,10197,341.0368,0.230229,11925,,,253,248,5,,,8.4615,3436,4740,80,3263,4413,87,173,327,-7,1,0,0,0,0,1,6252,8597,135,5299,6527,137,953,2070,-2,2,2,0,1,0,2,8833,11457,177,7731,9750,201,1102,1707,-24,3,3,0,1,0,2,11249,14809,211,10049,12002,250,1200,2807,-39,5,3,0,1,0,3
LOLTMNT05_214176,complete,,LEC,2026,Summer,0,2026-07-24 14:46:02,1,16.14,5,Blue,sup,Alvaro,oe:player:f5bf9bd732b85e4dcab5121e4769ae4,Movistar KOI,oe:team:4acc40654379b4da680be1bd3129dfa,1,Camille,Poppy,Syndra,Shen,Naafiri,Vayne,,,,,,1794,1,0,3,9,22,6,0,0,0,0,1,0,1,0,0.7358,0.9365,,,,,,,,,,,,,,,,,,,,,0,0,,,,,,,,,,0,0,9449,316.0201,0.0942478,456.9900,357.4582,1980,63,2.1070,20,0.6689,26,136,4.5485,8781,4846,162.0736,0.109409,8370,,,43,37,6,,,1.4381,2613,1568,17,2255,1188,8,358,380,9,0,2,1,0,1,1,4430,3041,26,3446,2424,14,984,617,12,0,4,2,0,2,2,6067,4605,34,4508,3349,18,1559,1256,16,0,6,2,0,2,2,7379,6155,39,5903,4768,23,1476,1387,16,0,7,2,0,2,3
LOLTMNT05_214176,complete,,LEC,2026,Summer,0,2026-07-24 14:46:02,1,16.14,6,Red,top,BrokenBlade,oe:player:84bff3a326833c7c9181c698f676878,G2 Esports,oe:team:7d6673d3a9d00363c6bebc1a630da6e,0,Yorick,Vi,Nocturne,Leona,Kai'Sa,Cassiopeia,,,,,,1794,0,1,4,1,6,22,0,0,0,0,0,0,0,0,0.2007,0.9365,,,,,,,,,,,,,,,,,,,,,0,0,,,,,,,,,,0,0,16563,553.9465,0.325934,886.0201,686.6555,4865,14,0.4682,6,0.2007,4,46,1.5385,11742,7807,261.1037,0.234976,11833,,,277,277,0,,,9.2642,3215,4732,84,4329,5214,85,-1114,-482,-1,0,0,0,2,0,0,4983,8202,137,6757,9315,146,-1774,-1113,-9,0,0,0,2,0,0,6870,10972,190,9308,12677,206,-2438,-1705,-16,0,0,2,2,1,0,9031,13754,243,11696,17221,261,-2665,-3467,-18,0,0,3,3,3,0
LOLTMNT05_214176,complete,,LEC,2026,Summer,0,2026-07-24 14:46:02,1,16.14,7,Red,jng,SkewMond,oe:player:ab15060e5225b51592cd04b3aed1e09,G2 Esports,oe:team:7d6673d3a9d00363c6bebc1a630da6e,0,Trundle,Vi,Nocturne,Leona,Kai'Sa,Cassiopeia,,,,,,1794,0,3,4,1,6,22,0,0,0,0,0,0,0,0,0.2007,0.9365,,,,,,,,,,,,,,,,,,,,,0,1,,,,,,,,,,0,0,7903,264.3144,0.155519,1052.5418,804.1137,1457,9,0.3010,14,0.4682,9,52,1.7391,11156,7221,241.5050,0.217337,11058,,,194,24,170,,,6.4883,3553,3848,68,4217,4582,89,-664,-734,-21,1,0,1,1,1,0,5325,6448,114,5998,7199,130,-673,-751,-16,1,0,1,1,2,0,7629,8607,140,8812,10683,170,-1183,-2076,-30,2,0,2,3,2,0,9385,11001,171,11147,13922,213,-1762,-2921,-42,2,0,3,4,3,0
LOLTMNT05_214176,complete,,LEC,2026,Summer,0,2026-07-24 14:46:02,1,16.14,8,Red,mid,Caps,oe:player:55dd587cdc4a278be6a5c37f9e539de,G2 Esports,oe:team:7d6673d3a9d00363c6bebc1a630da6e,0,Locke,Vi,Nocturne,Leona,Kai'Sa,Cassiopeia,,,,,,1794,0,0,4,3,6,22,0,0,0,0,0,0,0,1,0.2007,0.9365,,,,,,,,,,,,,,,,,,,,,0,0,,,,,,,,,,0,1,13479,450.8027,0.265246,850.2007,501.6388,11174,8,0.2676,8,0.2676,4,31,1.0368,10876,6941,232.1405,0.208909,10150,,,264,264,0,,,8.8294,3350,4765,92,3543,4963,94,-193,-198,-2,0,0,1,0,2,0,5005,6805,134,6259,7386,142,-1254,-581,-8,0,0,3,3,2,0,7114,9523,178,8231,10478,188,-1117,-955,-10,0,1,3,3,3,1,9530,12660,242,9983,13270,227,-453,-610,15,0,1,3,3,4,1
LOLTMNT05_214176,complete,,LEC,2026,Summer,0,2026-07-24 14:46:02,1,16.14,9,Red,bot,Hans Sama,oe:player:c62a5235ad6bc113a1e64eb0e9aa8c8,G2 Esports,oe:team:7d6673d3a9d00363c6bebc1a630da6e,0,Viktor,Vi,Nocturne,Leona,Kai'Sa,Cassiopeia,,,,,,1794,0,2,5,0,6,22,0,0,0,0,0,0,0,0,0.2007,0.9365,,,,,,,,,,,,,,,,,,,,,0,0,,,,,,,,,,0,0,9417,314.9498,0.185312,502.9431,371.3712,776,14,0.4682,7,0.2341,5,39,1.3043,12225,8290,277.2575,0.249514,11075,,,286,286,0,,,9.5652,3263,4413,87,3436,4740,80,-173,-327,7,0,0,1,1,0,0,5299,6527,137,6252,8597,135,-953,-2070,2,1,0,2,2,2,0,7731,9750,201,8833,11457,177,-1102,-1707,24,1,0,2,3,3,0,10049,12002,250,11249,14809,211,-1200,-2807,39,1,0,3,5,3,0
LOLTMNT05_214176,complete,,LEC,2026,Summer,0,2026-07-24 14:46:02,1,16.14,10,Red,sup,Labrov,oe:player:bb6ac5763c6576e104a7a2f59eb4ddf,G2 Esports,oe:team:7d6673d3a9d00363c6bebc1a630da6e,0,Rell,Vi,Nocturne,Leona,Kai'Sa,Cassiopeia,,,,,,1794,0,0,5,3,6,22,0,0,0,0,0,0,0,0,0.2007,0.9365,,,,,,,,,,,,,,,,,,,,,0,0,,,,,,,,,,0,0,3455,115.5518,0.0679891,690.9365,612.0067,0,55,1.8395,13,0.4348,22,128,4.2809,6901,2966,99.1973,0.0892641,6670,,,24,24,0,,,0.8027,2255,1188,8,2613,1568,17,-358,-380,-9,0,1,1,0,2,1,3446,2424,14,4430,3041,26,-984,-617,-12,0,2,2,0,4,2,4508,3349,18,6067,4605,34,-1559,-1256,-16,0,2,2,0,6,2,5903,4768,23,7379,6155,39,-1476,-1387,-16,0,2,3,0,7,2
LOLTMNT05_214188,complete,,LEC,2026,Summer,0,2026-07-24 15:53:14,2,16.14,1,Blue,top,Myrwn,oe:player:ede24d5e0911d7a4f6ec514a67802ff,Movistar KOI,oe:team:4acc40654379b4da680be1bd3129dfa,0,Gnar,Nocturne,Naafiri,Jarvan IV,Ahri,Cassiopeia,,,,,,2015,0,3,3,2,10,22,0,0,0,0,0,0,0,0,0.2978,0.9529,,,,,,,,,,,,,,,,,,,,,0,0,,,,,,,,,,0,0,23890,711.3648,0.259561,666.8486,940.6452,4195,16,0.4764,4,0.1191,7,43,1.2804,12594,8208,244.4069,0.226585,12408,,,301,297,4,,,8.9628,3443,4718,82,3403,5133,83,40,-415,-1,1,1,0,0,1,0,5492,8308,137,5093,8429,131,399,-121,6,2,1,0,0,1,0,7489,11291,193,7032,11857,179,457,-566,14,2,1,0,1,1,0,9216,13639,230,9393,15266,211,-177,-1627,19,2,1,1,3,2,0
LOLTMNT05_214188,complete,,LEC,2026,Summer,0,2026-07-24 15:53:14,2,16.14,2,Blue,jng,Elyoya,oe:player:8a8f18e4b7d0f30c19c5fb99a526951,Movistar KOI,oe:team:4acc40654379b4da680be1bd3129dfa,0,Xin Zhao,Nocturne,Naafiri,Jarvan IV,Ahri,Cassiopeia,,,,,,2015,0,2,3,5,10,22,0,0,0,0,0,0,0,1,0.2978,0.9529,,,,,,,,,,,,,,,,,,,,,0,2,,,,,,,,,,0,2,14163,421.7270,0.153879,997.1017,771.2159,0,7,0.2084,18,0.5360,6,58,1.7270,11155,6769,201.5583,0.18686,10350,,,197,24,173,,,5.8660,3250,3451,68,4162,4230,77,-912,-779,-9,0,1,1,1,3,1,4795,5531,103,6704,7266,128,-1909,-1735,-25,0,2,1,2,3,1,7042,8084,135,8921,10282,174,-1879,-2198,-39,1,2,1,3,3,2,8794,10501,166,11067,13448,212,-2273,-2947,-46,1,3,1,3,5,2
LOLTMNT05_214188,complete,,LEC,2026,Summer,0,2026-07-24 15:53:14,2,16.14,3,Blue,mid,Jojopyun,oe:player:83eb62484689106807fcf5ad55b5479,Movistar KOI,oe:team:4acc40654379b4da680be1bd3129dfa,0,Orianna,Nocturne,Naafiri,Jarvan IV,Ahri,Cassiopeia,,,,,,2015,0,3,5,4,10,22,0,0,0,0,0,0,0,0,0.2978,0.9529,,,,,,,,,,,,,,,,,,,,,0,0,,,,,,,,,,0,1,28754,856.1985,0.312408,578.1141,422.7097,2163,16,0.4764,5,0.1489,5,41,1.2208,12221,7835,233.3002,0.216288,11975,,,301,301,0,,,8.9628,3620,4691,91,3518,4516,74,102,175,17,1,1,1,1,1,0,5228,7207,144,5430,7337,124,-202,-130,20,1,1,2,1,2,0,6822,9367,183,7610,10199,182,-788,-832,1,2,1,3,1,2,0,8694,12150,225,12046,14480,252,-3352,-2330,-27,2,2,3,2,2,0
LOLTMNT05_214188,complete,,LEC,2026,Summer,0,2026-07-24 15:53:14,2,16.14,4,Blue,bot,Supa,oe:player:1223a0ed2bfab9b714c72d965df8133,Movistar KOI,oe:team:4acc40654379b4da680be1bd3129dfa,0,Syndra,Nocturne,Naafiri,Jarvan IV,Ahri,Cassiopeia,,,,,,2015,0,2,5,4,10,22,0,0,0,0,0,0,0,0,0.2978,0.9529,,,,,,,,,,,,,,,,,,,,,0,0,,,,,,,,,,0,0,19289,574.3623,0.209572,505.6377,274.1836,1477,11,0.3275,7,0.2084,3,28,0.8337,14491,10105,300.8933,0.278953,14325,,,281,281,0,,,8.3672,3148,3995,80,3915,4258,75,-767,-263,5,0,0,1,4,0,0,5574,6843,140,6889,7018,134,-1315,-175,6,0,1,1,4,0,0,7858,9327,193,9328,9878,196,-1470,-551,-3,0,3,2,4,1,0,10641,11344,227,11564,12570,239,-923,-1226,-12,1,3,3,4,2,1
LOLTMNT05_214188,complete,,LEC,2026,Summer,0,2026-07-24 15:53:14,2,16.14,5,Blue,sup,Alvaro,oe:player:f5bf9bd732b85e4dcab5121e4769ae4,Movistar KOI,oe:team:4acc40654379b4da680be1bd3129dfa,0,Tahm Kench,Nocturne,Naafiri,Jarvan IV,Ahri,Cassiopeia,,,,,,2015,0,0,6,6,10,22,0,0,0,0,0,0,0,0,0.2978,0.9529,,,,,,,,,,,,,,,,,,,,,0,0,,,,,,,,,,0,0,5944,176.9926,0.0645806,616.8238,760.1985,0,74,2.2035,16,0.4764,29,142,4.2283,7694,3308,98.5012,0.0913152,7450,,,30,30,0,,,0.8933,2230,1501,15,2523,1474,5,-293,27,10,0,2,3,0,4,1,3375,2517,20,3769,2950,15,-394,-433,5,0,3,3,0,4,2,4446,3692,24,5077,4234,18,-631,-542,6,0,3,3,0,6,3,5822,5616,27,6512,6490,21,-690,-874,6,0,4,4,0,7,3
LOLTMNT05_214188,complete,,LEC,2026,Summer,0,2026-07-24 15:53:14,2,16.14,6,Red,top,BrokenBlade,oe:player:84bff3a326833c7c9181c698f676878,G2 Esports,oe:team:7d6673d3a9d00363c6bebc1a630da6e,1,Rumble,Poppy,Kai'Sa,Bard,Shen,Ambessa,,,,,,2015,1,5,0,8,22,10,0,0,0,0,1,0,1,0,0.6551,0.9529,,,,,,,,,,,,,,,,,,,,,0,0,,,,,,,,,,0,0,22558,671.7022,0.248466,554.0546,916.1390,3777,23,0.6849,2,0.0596,10,38,1.1315,13448,9062,269.8362,0.179129,12050,,,256,256,0,,,7.6228,3403,5133,83,3443,4718,82,-40,415,1,0,1,0,1,1,0,5093,8429,131,5492,8308,137,-399,121,-6,0,1,0,2,1,0,7032,11857,179,7489,11291,193,-457,566,-14,1,1,0,2,1,0,9393,15266,211,9216,13639,230,177,1627,-19,3,2,0,2,1,1
LOLTMNT05_214188,complete,,LEC,2026,Summer,0,2026-07-24 15:53:14,2,16.14,7,Red,jng,SkewMond,oe:player:ab15060e5225b51592cd04b3aed1e09,G2 Esports,oe:team:7d6673d3a9d00363c6bebc1a630da6e,1,Vi,Poppy,Kai'Sa,Bard,Shen,Ambessa,,,,,,2015,1,4,2,11,22,10,0,0,0,0,1,1,0,0,0.6551,0.9529,,,,,,,,,,,,,,,,,,,,,2,0,,,,,,,,,,2,0,15694,467.3151,0.172862,872.9032,1252.3474,3957,11,0.3275,12,0.3573,8,58,1.7270,14895,10509,312.9231,0.207733,12650,,,256,22,234,,,7.6228,4162,4230,77,3250,3451,68,912,779,9,1,3,1,0,1,1,6704,7266,128,4795,5531,103,1909,1735,25,2,3,1,0,2,1,8921,10282,174,7042,8084,135,1879,2198,39,3,3,2,1,2,1,11067,13448,212,8794,10501,166,2273,2947,46,3,5,2,1,3,1
LOLTMNT05_214188,complete,,LEC,2026,Summer,0,2026-07-24 15:53:14,2,16.14,8,Red,mid,Caps,oe:player:55dd587cdc4a278be6a5c37f9e539de,G2 Esports,oe:team:7d6673d3a9d00363c6bebc1a630da6e,1,Yone,Poppy,Kai'Sa,Bard,Shen,Ambessa,,,,,,2015,1,3,1,4,22,10,0,0,0,0,0,0,0,0,0.6551,0.9529,,,,,,,,,,,,,,,,,,,,,0,0,,,,,,,,,,1,0,18540,552.0596,0.20421,894.7891,1125.3499,18136,5,0.1489,7,0.2084,3,26,0.7742,17115,12729,379.0273,0.251617,14875,,,346,326,20,,,10.3027,3518,4516,74,3620,4691,91,-102,-175,-17,1,1,0,1,1,1,5430,7337,124,5228,7207,144,202,130,-20,1,2,0,1,1,2,7610,10199,182,6822,9367,183,788,832,-1,1,2,0,2,1,3,12046,14480,252,8694,12150,225,3352,2330,27,2,2,0,2,2,3
LOLTMNT05_214188,complete,,LEC,2026,Summer,0,2026-07-24 15:53:14,2,16.14,9,Red,bot,Hans Sama,oe:player:c62a5235ad6bc113a1e64eb0e9aa8c8,G2 Esports,oe:team:7d6673d3a9d00363c6bebc1a630da6e,1,Lucian,Poppy,Kai'Sa,Bard,Shen,Ambessa,,,,,,2015,1,10,2,3,22,10,3,1,0,0,0,0,0,0,0.6551,0.9529,,,,,,,,,,,,,,,,,,,,,0,0,,,,,,,,,,0,0,24187,720.2084,0.266409,549.0521,364.5558,10422,17,0.5062,13,0.3871,5,54,1.6079,18078,13692,407.7022,0.270653,15775,,,332,307,25,,,9.8859,3915,4258,75,3148,3995,80,767,263,-5,4,0,0,0,0,1,6889,7018,134,5574,6843,140,1315,175,-6,4,0,0,0,1,1,9328,9878,196,7858,9327,193,1470,551,3,4,1,0,0,3,2,11564,12570,239,10641,11344,227,923,1226,12,4,2,1,1,3,3
LOLTMNT05_214188,complete,,LEC,2026,Summer,0,2026-07-24 15:53:14,2,16.14,10,Red,sup,Labrov,oe:player:bb6ac5763c6576e104a7a2f59eb4ddf,G2 Esports,oe:team:7d6673d3a9d00363c6bebc1a630da6e,1,Leona,Poppy,Kai'Sa,Bard,Shen,Ambessa,,,,,,2015,1,0,5,13,22,10,0,0,0,0,1,0,1,0,0.6551,0.9529,,,,,,,,,,,,,,,,,,,,,0,0,,,,,,,,,,0,0,9810,292.1092,0.108053,817.9653,918.9380,0,69,2.0546,15,0.4467,28,138,4.1092,8983,4597,136.8834,0.0908674,8040,,,23,23,0,,,0.6849,2523,1474,5,2230,1501,15,293,-27,-10,0,4,1,0,2,3,3769,2950,15,3375,2517,20,394,433,-5,0,4,2,0,3,3,5077,4234,18,4446,3692,24,631,542,-6,0,6,3,0,3,3,6512,6490,21,5822,5616,27,690,874,-6,0,7,3,0,4,4
LOLTMNT05_214199,complete,,LEC,2026,Summer,0,2026-07-24 16:49:52,3,16.14,1,Blue,top,BrokenBlade,oe:player:84bff3a326833c7c9181c698f676878,G2 Esports,oe:team:7d6673d3a9d00363c6bebc1a630da6e,1,Ambessa,Poppy,Nocturne,Kai'Sa,Vayne,Bard,,,,,,2779,1,4,3,5,22,11,0,0,0,0,0,0,0,0,0.4750,0.7125,,,,,,,,,,,,,,,,,,,,,0,0,,,,,,,,,,0,0,27245,588.2332,0.200721,681.4825,1504.4045,4061,19,0.4102,11,0.2375,10,71,1.5329,17222,11277,243.4761,0.186953,15800,,,380,376,4,,,8.2044,3130,4715,77,3603,5243,91,-473,-528,-14,0,0,1,0,2,0,4715,7809,124,5575,8837,136,-860,-1028,-12,0,0,2,1,3,0,6374,10449,174,7429,11939,186,-1055,-1490,-12,0,0,3,1,4,0,8053,13371,218,8806,13607,212,-753,-236,6,0,2,3,1,4,1
LOLTMNT05_214199,complete,,LEC,2026,Summer,0,2026-07-24 16:49:52,3,16.14,2,Blue,jng,SkewMond,oe:player:ab15060e5225b51592cd04b3aed1e09,G2 Esports,oe:team:7d6673d3a9d00363c6bebc1a630da6e,1,Wukong,Poppy,Nocturne,Kai'Sa,Vayne,Bard,,,,,,2779,1,6,2,4,22,11,0,0,0,0,0,0,0,0,0.4750,0.7125,,,,,,,,,,,,,,,,,,,,,1,2,,,,,,,,,,0,0,19379,418.4023,0.14277,1076.2433,1246.6355,9068,17,0.3670,33,0.7125,15,115,2.4829,19137,13192,284.8219,0.2187,16208,,,324,50,274,,,6.9953,3549,4410,84,3919,4058,77,-370,352,7,0,0,1,1,2,0,5732,7194,131,5867,6454,118,-135,740,13,0,0,1,1,4,0,7581,9878,174,8541,10084,171,-960,-206,3,0,0,1,2,4,0,10472,12075,200,10384,12782,217,88,-707,-17,2,1,1,2,4,0
LOLTMNT05_214199,complete,,LEC,2026,Summer,0,2026-07-24 16:49:52,3,16.14,3,Blue,mid,Caps,oe:player:55dd587cdc4a278be6a5c37f9e539de,G2 Esports,oe:team:7d6673d3a9d00363c6bebc1a630da6e,1,Annie,Poppy,Nocturne,Kai'Sa,Vayne,Bard,,,,,,2779,1,4,2,10,22,11,0,0,0,0,1,1,0,0,0.4750,0.7125,,,,,,,,,,,,,,,,,,,,,0,0,,,,,,,,,,0,0,37100,801.0076,0.273325,468.6650,570.9392,8460,18,0.3886,19,0.4102,6,64,1.3818,18063,12118,261.6337,0.200895,17025,,,350,346,4,,,7.5567,3714,3925,79,4327,4147,88,-613,-222,-9,1,0,1,3,0,0,5326,6571,131,6619,6718,148,-1293,-147,-17,1,0,1,4,1,0,7226,9501,192,8663,9640,207,-1437,-139,-15,1,0,1,4,1,0,9967,11731,234,10433,13227,257,-466,-1496,-23,3,0,1,4,1,1
LOLTMNT05_214199,complete,,LEC,2026,Summer,0,2026-07-24 16:49:52,3,16.14,4,Blue,bot,Hans Sama,oe:player:c62a5235ad6bc113a1e64eb0e9aa8c8,G2 Esports,oe:team:7d6673d3a9d00363c6bebc1a630da6e,1,Ziggs,Poppy,Nocturne,Kai'Sa,Vayne,Bard,,,,,,2779,1,6,1,9,22,11,0,0,0,0,0,0,0,0,0.4750,0.7125,,,,,,,,,,,,,,,,,,,,,0,0,,,,,,,,,,0,1,43046,929.3847,0.31713,459.0140,290.1763,14278,27,0.5829,6,0.1295,11,55,1.1875,23044,17099,369.1760,0.28347,20075,,,431,412,19,,,9.3055,3458,4755,95,3629,4802,102,-171,-47,-7,0,0,0,0,0,0,6295,7236,155,6235,7626,167,60,-390,-12,0,0,0,0,0,0,8955,10470,218,7897,9659,211,1058,811,7,0,1,0,0,0,1,10967,13485,273,10060,11936,263,907,1549,10,0,2,0,0,0,2
LOLTMNT05_214199,complete,,LEC,2026,Summer,0,2026-07-24 16:49:52,3,16.14,5,Blue,sup,Labrov,oe:player:bb6ac5763c6576e104a7a2f59eb4ddf,G2 Esports,oe:team:7d6673d3a9d00363c6bebc1a630da6e,1,Shen,Poppy,Nocturne,Kai'Sa,Vayne,Bard,,,,,,2779,1,2,3,14,22,11,0,0,0,0,1,0,1,0,0.4750,0.7125,,,,,,,,,,,,,,,,,,,,,0,0,,,,,,,,,,0,0,8966,193.5804,0.0660547,778.7478,1042.4325,402,110,2.3750,27,0.5829,30,218,4.7067,12579,6634,143.2314,0.109982,11945,,,52,52,0,,,1.1227,2339,1812,15,2691,2203,8,-352,-391,7,0,1,1,0,4,1,3454,3175,26,4125,3630,22,-671,-455,4,0,1,2,0,6,1,5226,4980,37,5457,4259,27,-231,721,10,1,1,2,0,7,1,6739,6679,40,6579,5663,31,160,1016,9,1,5,2,0,7,2
LOLTMNT05_214199,complete,,LEC,2026,Summer,0,2026-07-24 16:49:52,3,16.14,6,Red,top,Myrwn,oe:player:ede24d5e0911d7a4f6ec514a67802ff,Movistar KOI,oe:team:4acc40654379b4da680be1bd3129dfa,0,Mordekaiser,Jarvan IV,Cassiopeia,Anivia,Nautilus,Renekton,,,,,,2779,0,2,6,5,11,22,0,0,0,0,0,0,0,0,0.2375,0.7125,,,,,,,,,,,,,,,,,,,,,0,0,,,,,,,,,,0,0,22795,492.1555,0.180599,1121.9503,1251.1695,5653,15,0.3239,14,0.3023,11,73,1.5761,15333,9388,202.6916,0.176357,14850,,,306,301,5,,,6.6067,3603,5243,91,3130,4715,77,473,528,14,0,2,0,0,0,1,5575,8837,136,4715,7809,124,860,1028,12,1,3,0,0,0,2,7429,11939,186,6374,10449,174,1055,1490,12,1,4,0,0,0,3,8806,13607,212,8053,13371,218,753,236,-6,1,4,1,0,2,3
LOLTMNT05_214199,complete,,LEC,2026,Summer,0,2026-07-24 16:49:52,3,16.14,7,Red,jng,Elyoya,oe:player:8a8f18e4b7d0f30c19c5fb99a526951,Movistar KOI,oe:team:4acc40654379b4da680be1bd3129dfa,0,Naafiri,Jarvan IV,Cassiopeia,Anivia,Nautilus,Renekton,,,,,,2779,0,2,3,5,11,22,0,0,0,0,0,0,0,0,0.2375,0.7125,,,,,,,,,,,,,,,,,,,,,2,1,,,,,,,,,,0,0,23843,514.7823,0.188902,679.3235,430.8600,6673,16,0.3454,24,0.5182,15,89,1.9216,16624,10679,230.5650,0.200609,15275,,,314,46,268,,,6.7794,3919,4058,77,3549,4410,84,370,-352,-7,1,2,0,0,0,1,5867,6454,118,5732,7194,131,135,-740,-13,1,4,0,0,0,1,8541,10084,171,7581,9878,174,960,206,-3,2,4,0,0,0,1,10384,12782,217,10472,12075,200,-88,707,17,2,4,0,2,1,1
LOLTMNT05_214199,complete,,LEC,2026,Summer,0,2026-07-24 16:49:52,3,16.14,8,Red,mid,Jojopyun,oe:player:83eb62484689106807fcf5ad55b5479,Movistar KOI,oe:team:4acc40654379b4da680be1bd3129dfa,0,Ryze,Jarvan IV,Cassiopeia,Anivia,Nautilus,Renekton,,,,,,2779,0,5,6,3,11,22,1,0,0,0,0,0,0,0,0.2375,0.7125,,,,,,,,,,,,,,,,,,,,,0,0,,,,,,,,,,0,0,29268,631.9108,0.231883,847.4055,744.0734,9273,20,0.4318,14,0.3023,3,69,1.4897,17884,11939,257.7690,0.224278,16575,,,396,364,32,,,8.5498,4327,4147,88,3714,3925,79,613,222,9,3,0,0,1,0,1,6619,6718,148,5326,6571,131,1293,147,17,4,1,0,1,0,1,8663,9640,207,7226,9501,192,1437,139,15,4,1,0,1,0,1,10433,13227,257,9967,11731,234,466,1496,23,4,1,1,3,0,1
LOLTMNT05_214199,complete,,LEC,2026,Summer,0,2026-07-24 16:49:52,3,16.14,9,Red,bot,Supa,oe:player:1223a0ed2bfab9b714c72d965df8133,Movistar KOI,oe:team:4acc40654379b4da680be1bd3129dfa,0,Ezreal,Jarvan IV,Cassiopeia,Anivia,Nautilus,Renekton,,,,,,2779,0,2,3,1,11,22,1,0,0,0,0,0,0,0,0.2375,0.7125,,,,,,,,,,,,,,,,,,,,,0,0,,,,,,,,,,1,0,41285,891.3638,0.32709,616.5599,272.2994,6691,20,0.4318,13,0.2807,10,63,1.3602,21137,15192,328.0029,0.285385,22093,,,468,446,22,,,10.1044,3629,4802,102,3458,4755,95,171,47,7,0,0,0,0,0,0,6235,7626,167,6295,7236,155,-60,390,12,0,0,0,0,0,0,7897,9659,211,8955,10470,218,-1058,-811,-7,0,0,1,0,1,0,10060,11936,263,10967,13485,273,-907,-1549,-10,0,0,2,0,2,0
LOLTMNT05_214199,complete,,LEC,2026,Summer,0,2026-07-24 16:49:52,3,16.14,10,Red,sup,Alvaro,oe:player:f5bf9bd732b85e4dcab5121e4769ae4,Movistar KOI,oe:team:4acc40654379b4da680be1bd3129dfa,0,Karma,Jarvan IV,Cassiopeia,Anivia,Nautilus,Renekton,,,,,,2779,0,0,4,9,11,22,0,0,0,0,0,0,0,1,0.2375,0.7125,,,,,,,,,,,,,,,,,,,,,0,0,,,,,,,,,,0,0,9028,194.9190,0.0715265,427.1465,209.4926,692,114,2.4613,33,0.7125,44,241,5.2033,11980,6035,130.2987,0.113371,11615,,,59,59,0,,,1.2738,2691,2203,8,2339,1812,15,352,391,-7,0,4,1,0,1,1,4125,3630,22,3454,3175,26,671,455,-4,0,6,1,0,1,2,5457,4259,27,5226,4980,37,231,-721,-10,0,7,1,1,1,2,6579,5663,31,6739,6679,40,-160,-1016,-9,0,7,2,1,5,2
LOLTMNT05_213152,complete,,LEC,2026,Summer,0,2026-07-24 18:04:53,1,16.14,1,Blue,top,Canna,oe:player:7577c239c73fa5f3011cd7b5503e75e,Karmine Corp,oe:team:f3aa9bbd924ce3af42ac53f8326bc7c,0,Twisted Fate,Vi,Locke,Orianna,Galio,Ryze,,,,,,2253,1,7,3,4,22,9,0,0,0,0,0,0,0,0,0.5859,0.8256,,,,,,,,,,,,,,,,,,,,,0,0,,,,,,,,,,1,0,24896,663.0093,0.264241,529.9068,405.5393,12568,14,0.3728,9,0.2397,4,43,1.1451,19473,14601,388.8415,0.256107,17700,,,334,285,49,,,8.8948,3985,5059,87,3375,4795,77,610,264,10,0,1,1,1,0,1,6866,8762,127,4937,8114,118,1929,648,9,2,1,2,1,1,3,9576,12717,181,6286,10279,155,3290,2438,26,4,1,2,1,1,4,12139,15534,215,8071,13168,209,4068,2366,6,5,1,2,1,1,4
LOLTMNT05_213152,complete,,LEC,2026,Summer,0,2026-07-24 18:04:53,1,16.14,2,Blue,jng,Yike,oe:player:4203fc46c4c6333e9bfa9d0a8618677,Karmine Corp,oe:team:f3aa9bbd924ce3af42ac53f8326bc7c,0,Nocturne,Vi,Locke,Orianna,Galio,Ryze,,,,,,2253,1,5,2,7,22,9,1,0,0,0,0,0,0,0,0.5859,0.8256,,,,,,,,,,,,,,,,,,,,,2,0,,,,,,,,,,1,0,14047,374.0879,0.149092,1251.7976,1114.7803,4479,17,0.4527,16,0.4261,6,61,1.6245,16926,12054,321.0120,0.211433,14175,,,302,33,269,,,8.0426,3482,3333,65,3109,3659,67,373,-326,-2,1,0,0,0,0,0,6467,6949,113,5103,5843,95,1364,1106,18,3,3,1,1,2,1,8546,10268,159,6474,8263,124,2072,2005,35,3,4,1,1,2,3,10609,13398,210,7670,9732,143,2939,3666,67,3,4,1,1,2,3
LOLTMNT05_213152,complete,,LEC,2026,Summer,0,2026-07-24 18:04:53,1,16.14,3,Blue,mid,kyeahoo,oe:player:308e48bf56284c09a1a9aadf55bc80c,Karmine Corp,oe:team:f3aa9bbd924ce3af42ac53f8326bc7c,0,Syndra,Vi,Locke,Orianna,Galio,Ryze,,,,,,2253,1,4,0,5,22,9,0,0,0,0,1,1,0,0,0.5859,0.8256,,,,,,,,,,,,,,,,,,,,,0,0,,,,,,,,,,0,0,21441,570.9987,0.22757,380.0533,177.0972,8794,17,0.4527,8,0.2130,3,49,1.3049,16122,11250,299.6005,0.19733,14825,,,349,349,0,,,9.2943,3985,4775,100,3405,5050,93,580,-275,7,1,0,0,0,0,1,6106,7800,154,4807,7097,133,1299,703,21,1,2,0,0,0,3,8253,10540,199,6885,10443,176,1368,97,23,2,2,0,1,0,3,9819,12580,242,8682,13081,231,1137,-501,11,2,2,0,1,0,3
LOLTMNT05_213152,complete,,LEC,2026,Summer,0,2026-07-24 18:04:53,1,16.14,4,Blue,bot,Caliste,oe:player:e2af2b779499aa25ab9a9c10c9a5ffd,Karmine Corp,oe:team:f3aa9bbd924ce3af42ac53f8326bc7c,0,Viktor,Vi,Locke,Orianna,Galio,Ryze,,,,,,2253,1,3,1,6,22,9,0,0,0,0,0,0,0,0,0.5859,0.8256,,,,,,,,,,,,,,,,,,,,,0,0,,,,,,,,,,1,0,22590,601.5979,0.239766,398.1092,500.5859,9791,16,0.4261,17,0.4527,5,74,1.9707,18150,13278,353.6085,0.232902,17165,,,401,390,11,,,10.6791,3458,4676,95,3500,4917,100,-42,-241,-5,0,0,0,0,0,0,6613,7913,155,6885,7534,150,-272,379,5,2,0,0,2,1,1,8671,10680,213,9123,10496,222,-452,184,-9,2,0,1,2,1,1,11166,14065,282,11201,13073,287,-35,992,-5,2,1,1,2,1,2
LOLTMNT05_213152,complete,,LEC,2026,Summer,0,2026-07-24 18:04:53,1,16.14,5,Blue,sup,Busio,oe:player:3e722c8ede909c83af9342c41805a16,Karmine Corp,oe:team:f3aa9bbd924ce3af42ac53f8326bc7c,0,Camille,Vi,Locke,Orianna,Galio,Ryze,,,,,,2253,1,3,3,5,22,9,0,0,0,0,1,0,1,0,0.5859,0.8256,,,,,,,,,,,,,,,,,,,,,0,0,,,,,,,,,,0,0,11243,299.4141,0.119331,438.3489,275.5792,1740,69,1.8375,16,0.4261,27,149,3.9680,10700,5828,155.2064,0.102228,9525,,,32,32,0,,,0.8522,2490,1858,16,2234,1330,12,256,528,4,0,1,0,0,0,0,4276,3927,18,3615,3217,18,661,710,0,1,3,1,0,3,1,5428,4325,23,4678,3952,22,750,373,1,1,3,1,0,3,1,6510,5105,26,5710,5321,26,800,-216,0,1,3,1,0,3,1
LOLTMNT05_213152,complete,,LEC,2026,Summer,0,2026-07-24 18:04:53,1,16.14,6,Red,top,Naak Nako,oe:player:370f639a8b838f1933c7232d8adae72,Team Vitality,oe:team:e8d8ae992fe72acb7adc7bfcee31dbb,1,Gnar,Poppy,Ezreal,Jayce,Vayne,Akali,,,,,,2253,0,3,5,2,9,22,0,0,0,0,0,0,0,0,0.2397,0.8256,,,,,,,,,,,,,,,,,,,,,0,0,,,,,,,,,,0,1,10038,267.3236,0.167077,717.3369,722.3968,906,11,0.2929,3,0.0799,1,27,0.7190,14569,9697,258.2423,0.240357,12558,,,334,332,2,,,8.8948,3375,4795,77,3985,5059,87,-610,-264,-10,1,0,1,0,1,1,4937,8114,118,6866,8762,127,-1929,-648,-9,1,1,3,2,1,2,6286,10279,155,9576,12717,181,-3290,-2438,-26,1,1,4,4,1,2,8071,13168,209,12139,15534,215,-4068,-2366,-6,1,1,4,5,1,2
LOLTMNT05_213152,complete,,LEC,2026,Summer,0,2026-07-24 18:04:53,1,16.14,7,Red,jng,Lyncas,oe:player:ca9701f085966dfca32e31b1b1e9d55,Team Vitality,oe:team:e8d8ae992fe72acb7adc7bfcee31dbb,1,Jarvan IV,Poppy,Ezreal,Jayce,Vayne,Akali,,,,,,2253,0,1,6,2,9,22,0,0,0,0,0,0,0,0,0.2397,0.8256,,,,,,,,,,,,,,,,,,,,,0,2,,,,,,,,,,0,1,7314,194.7803,0.121738,733.6352,754.4874,0,5,0.1332,13,0.3462,1,37,0.9854,10492,5620,149.6671,0.139304,9825,,,187,21,166,,,4.9800,3109,3659,67,3482,3333,65,-373,326,2,0,0,0,1,0,0,5103,5843,95,6467,6949,113,-1364,-1106,-18,1,2,1,3,3,1,6474,8263,124,8546,10268,159,-2072,-2005,-35,1,2,3,3,4,1,7670,9732,143,10609,13398,210,-2939,-3666,-67,1,2,3,3,4,1
LOLTMNT05_213152,complete,,LEC,2026,Summer,0,2026-07-24 18:04:53,1,16.14,8,Red,mid,FIESTA,oe:player:5ee64eb3feb02e60832a2265db54f71,Team Vitality,oe:team:e8d8ae992fe72acb7adc7bfcee31dbb,1,Cassiopeia,Poppy,Ezreal,Jayce,Vayne,Akali,,,,,,2253,0,2,6,1,9,22,0,0,0,0,0,0,0,1,0.2397,0.8256,,,,,,,,,,,,,,,,,,,,,0,0,,,,,,,,,,0,0,10587,281.9441,0.176215,711.4780,558.4021,0,11,0.2929,11,0.2929,5,51,1.3582,13269,8397,223.6218,0.208135,12375,,,323,315,8,,,8.6019,3405,5050,93,3985,4775,100,-580,275,-7,0,0,1,1,0,0,4807,7097,133,6106,7800,154,-1299,-703,-21,0,0,3,1,2,0,6885,10443,176,8253,10540,199,-1368,-97,-23,1,0,3,2,2,0,8682,13081,231,9819,12580,242,-1137,501,-11,1,0,3,2,2,0
LOLTMNT05_213152,complete,,LEC,2026,Summer,0,2026-07-24 18:04:53,1,16.14,9,Red,bot,Carzzy,oe:player:ec0c2b8d7630efba391c288765d4d7e,Team Vitality,oe:team:e8d8ae992fe72acb7adc7bfcee31dbb,1,Ziggs,Poppy,Ezreal,Jayce,Vayne,Akali,,,,,,2253,0,3,3,4,9,22,0,0,0,0,0,0,0,0,0.2397,0.8256,,,,,,,,,,,,,,,,,,,,,0,0,,,,,,,,,,0,1,28484,758.5619,0.474101,436.4581,227.9893,1318,17,0.4527,11,0.2929,6,49,1.3049,17491,12619,336.0586,0.312781,16810,,,433,429,4,,,11.5313,3500,4917,100,3458,4676,95,42,241,5,0,0,0,0,0,0,6885,7534,150,6613,7913,155,272,-379,-5,2,1,1,2,0,0,9123,10496,222,8671,10680,213,452,-184,9,2,1,1,2,0,1,11201,13073,287,11166,14065,282,35,-992,5,2,1,2,2,1,1
LOLTMNT05_213152,complete,,LEC,2026,Summer,0,2026-07-24 18:04:53,1,16.14,10,Red,sup,Fleshy,oe:player:10be1f35d8b5ea6babf916a6e7dd8a4,Team Vitality,oe:team:e8d8ae992fe72acb7adc7bfcee31dbb,1,Rell,Poppy,Ezreal,Jayce,Vayne,Akali,,,,,,2253,0,0,2,7,9,22,0,0,0,0,0,0,0,0,0.2397,0.8256,,,,,,,,,,,,,,,,,,,,,0,0,,,,,,,,,,0,0,3657,97.3901,0.0608688,441.8109,505.7257,0,89,2.3702,25,0.6658,39,177,4.7137,8883,4011,106.8176,0.0994235,8665,,,39,39,0,,,1.0386,2234,1330,12,2490,1858,16,-256,-528,-4,0,0,0,0,1,0,3615,3217,18,4276,3927,18,-661,-710,0,0,3,1,1,3,1,4678,3952,22,5428,4325,23,-750,-373,-1,0,3,1,1,3,1,5710,5321,26,6510,5105,26,-800,216,0,0,3,1,1,3,1
LOLTMNT05_213156,complete,,LEC,2026,Summer,0,2026-07-24 19:05:00,2,16.14,1,Blue,top,Canna,oe:player:7577c239c73fa5f3011cd7b5503e75e,Karmine Corp,oe:team:f3aa9bbd924ce3af42ac53f8326bc7c,1,Rumble,Poppy,Locke,Akali,Milio,Nautilus,,,,,,2308,1,6,5,5,19,16,0,0,0,0,0,0,0,1,0.4939,0.9099,,,,,,,,,,,,,,,,,,,,,0,0,,,,,,,,,,0,0,23903,621.3951,0.209228,648.6135,866.8804,7283,24,0.6239,1,0.0260,9,56,1.4558,15246,10262,266.7764,0.193542,13485,,,260,253,7,,,6.7591,3459,4932,90,3865,5369,91,-406,-437,-1,0,0,1,1,0,0,5993,8231,130,5811,8489,134,182,-258,-4,2,1,2,2,0,1,8212,11518,178,7623,11097,172,589,421,6,3,1,2,3,0,2,9828,13014,198,10163,15599,214,-335,-2585,-16,4,1,4,5,0,2
LOLTMNT05_213156,complete,,LEC,2026,Summer,0,2026-07-24 19:05:00,2,16.14,2,Blue,jng,Yike,oe:player:4203fc46c4c6333e9bfa9d0a8618677,Karmine Corp,oe:team:f3aa9bbd924ce3af42ac53f8326bc7c,1,Vi,Poppy,Locke,Akali,Milio,Nautilus,,,,,,2308,1,2,3,13,19,16,0,0,0,0,0,0,0,0,0.4939,0.9099,,,,,,,,,,,,,,,,,,,,,0,2,,,,,,,,,,0,0,14325,372.4003,0.12539,887.1837,1094.9480,2967,12,0.3120,13,0.3380,10,66,1.7158,14261,9277,241.1698,0.174965,12750,,,247,23,224,,,6.4211,3811,4008,79,3213,3552,66,598,456,13,1,0,0,0,0,1,5982,6459,117,5097,5619,95,885,840,22,2,2,1,1,1,2,7549,8363,147,7608,8713,138,-59,-350,9,2,3,2,2,2,2,9494,11140,187,9644,11400,168,-150,-260,19,2,5,2,2,4,2
LOLTMNT05_213156,complete,,LEC,2026,Summer,0,2026-07-24 19:05:00,2,16.14,3,Blue,mid,kyeahoo,oe:player:308e48bf56284c09a1a9aadf55bc80c,Karmine Corp,oe:team:f3aa9bbd924ce3af42ac53f8326bc7c,1,Ryze,Poppy,Locke,Akali,Milio,Nautilus,,,,,,2308,1,4,3,6,19,16,0,0,0,0,0,0,0,0,0.4939,0.9099,,,,,,,,,,,,,,,,,,,,,0,0,,,,,,,,,,0,0,21360,555.2860,0.186968,819.6447,643.0243,8105,11,0.2860,9,0.2340,7,50,1.2998,17358,12374,321.6811,0.233375,16075,,,339,332,7,,,8.8128,3548,5007,96,3647,5348,102,-99,-341,-6,0,0,0,0,0,0,5558,7702,148,5348,8306,156,210,-604,-8,1,1,0,0,0,0,7531,10343,193,7300,10739,192,231,-396,1,1,2,1,0,1,0,10326,14725,245,9409,15247,232,917,-522,13,2,2,2,0,2,0
LOLTMNT05_213156,complete,,LEC,2026,Summer,0,2026-07-24 19:05:00,2,16.14,4,Blue,bot,Caliste,oe:player:e2af2b779499aa25ab9a9c10c9a5ffd,Karmine Corp,oe:team:f3aa9bbd924ce3af42ac53f8326bc7c,1,Caitlyn,Poppy,Locke,Akali,Milio,Nautilus,,,,,,2308,1,6,1,5,19,16,0,0,0,0,0,0,0,0,0.4939,0.9099,,,,,,,,,,,,,,,,,,,,,0,0,,,,,,,,,,1,0,46003,1195.9185,0.402673,377.8336,324.8007,20022,21,0.5459,17,0.4419,6,62,1.6118,21443,16459,427.8769,0.310417,18650,,,403,399,4,,,10.4766,3680,3492,95,3370,3453,88,310,39,7,0,0,0,0,0,0,6840,5858,140,6350,6114,139,490,-256,1,0,1,1,1,1,0,8939,7988,192,9008,8842,207,-69,-854,-15,0,1,1,1,1,0,10955,10441,236,11831,11949,259,-876,-1508,-23,0,2,1,2,1,1
LOLTMNT05_213156,complete,,LEC,2026,Summer,0,2026-07-24 19:05:00,2,16.14,5,Blue,sup,Busio,oe:player:3e722c8ede909c83af9342c41805a16,Karmine Corp,oe:team:f3aa9bbd924ce3af42ac53f8326bc7c,1,Neeko,Poppy,Locke,Akali,Milio,Nautilus,,,,,,2308,1,1,4,7,19,16,0,0,0,0,0,0,0,0,0.4939,0.9099,,,,,,,,,,,,,,,,,,,,,0,0,,,,,,,,,,0,0,8653,224.9480,0.0757414,449.9480,194.2721,572,84,2.1837,17,0.4419,31,164,4.2634,9634,4650,120.8839,0.0877003,9235,,,30,30,0,,,0.7799,2690,2694,10,2297,2090,13,393,604,-3,0,1,0,0,0,0,3816,3261,10,3543,2877,20,273,384,-10,0,3,0,0,1,2,4858,4855,17,4972,4432,28,-114,423,-11,0,3,0,0,1,2,5990,6089,20,6809,7308,33,-819,-1219,-13,0,4,1,1,2,3
LOLTMNT05_213156,complete,,LEC,2026,Summer,0,2026-07-24 19:05:00,2,16.14,6,Red,top,Naak Nako,oe:player:370f639a8b838f1933c7232d8adae72,Team Vitality,oe:team:e8d8ae992fe72acb7adc7bfcee31dbb,0,K'Sante,Jayce,Bard,Orianna,Rakan,Jhin,,,,,,2308,0,6,3,2,16,19,0,0,0,0,1,1,0,0,0.4159,0.9099,,,,,,,,,,,,,,,,,,,,,0,0,,,,,,,,,,0,0,18778,488.1629,0.199429,953.2149,2486.7244,3358,21,0.5459,4,0.1040,11,50,1.2998,14748,9764,253.8302,0.203353,14375,,,286,282,4,,,7.4350,3865,5369,91,3459,4932,90,406,437,1,1,0,0,0,0,1,5811,8489,134,5993,8231,130,-182,258,4,2,0,1,2,1,2,7623,11097,172,8212,11518,178,-589,-421,-6,3,0,2,3,1,2,10163,15599,214,9828,13014,198,335,2585,16,5,0,2,4,1,4
LOLTMNT05_213156,complete,,LEC,2026,Summer,0,2026-07-24 19:05:00,2,16.14,7,Red,jng,Lyncas,oe:player:ca9701f085966dfca32e31b1b1e9d55,Team Vitality,oe:team:e8d8ae992fe72acb7adc7bfcee31dbb,0,Naafiri,Jayce,Bard,Orianna,Rakan,Jhin,,,,,,2308,0,3,4,6,16,19,0,0,0,0,0,0,0,0,0.4159,0.9099,,,,,,,,,,,,,,,,,,,,,2,0,,,,,,,,,,0,0,18680,485.6153,0.198388,894.6967,874.5494,304,10,0.2600,9,0.2340,6,45,1.1698,13986,9002,234.0208,0.187483,13400,,,238,25,213,,,6.1872,3213,3552,66,3811,4008,79,-598,-456,-13,0,0,1,1,0,0,5097,5619,95,5982,6459,117,-885,-840,-22,1,1,2,2,2,1,7608,8713,138,7549,8363,147,59,350,-9,2,2,2,2,3,2,9644,11400,168,9494,11140,187,150,260,-19,2,4,2,2,5,2
LOLTMNT05_213156,complete,,LEC,2026,Summer,0,2026-07-24 19:05:00,2,16.14,8,Red,mid,FIESTA,oe:player:5ee64eb3feb02e60832a2265db54f71,Team Vitality,oe:team:e8d8ae992fe72acb7adc7bfcee31dbb,0,Anivia,Jayce,Bard,Orianna,Rakan,Jhin,,,,,,2308,0,1,1,6,16,19,0,0,0,0,0,0,0,0,0.4159,0.9099,,,,,,,,,,,,,,,,,,,,,0,0,,,,,,,,,,0,0,20883,542.8856,0.221784,550.7886,352.7990,7317,19,0.4939,11,0.2860,13,64,1.6638,15050,10066,261.6811,0.209643,15075,,,338,314,24,,,8.7868,3647,5348,102,3548,5007,96,99,341,6,0,0,0,0,0,0,5348,8306,156,5558,7702,148,-210,604,8,0,0,0,1,1,0,7300,10739,192,7531,10343,193,-231,396,-1,0,1,0,1,2,1,9409,15247,232,10326,14725,245,-917,522,-13,0,2,0,2,2,2
LOLTMNT05_213156,complete,,LEC,2026,Summer,0,2026-07-24 19:05:00,2,16.14,9,Red,bot,Carzzy,oe:player:ec0c2b8d7630efba391c288765d4d7e,Team Vitality,oe:team:e8d8ae992fe72acb7adc7bfcee31dbb,0,Lucian,Jayce,Bard,Orianna,Rakan,Jhin,,,,,,2308,0,4,4,1,16,19,0,0,0,0,0,0,0,0,0.4159,0.9099,,,,,,,,,,,,,,,,,,,,,0,0,,,,,,,,,,0,1,22678,589.5494,0.240848,581.4125,373.8042,12009,19,0.4939,23,0.5979,4,78,2.0277,18831,13847,359.9740,0.288388,18400,,,372,360,12,,,9.6707,3370,3453,88,3680,3492,95,-310,-39,-7,0,0,0,0,0,0,6350,6114,139,6840,5858,140,-490,256,-1,1,1,0,0,1,1,9008,8842,207,8939,7988,192,69,854,15,1,1,0,0,1,1,11831,11949,259,10955,10441,236,876,1508,23,2,1,1,0,2,1
LOLTMNT05_213156,complete,,LEC,2026,Summer,0,2026-07-24 19:05:00,2,16.14,10,Red,sup,Fleshy,oe:player:10be1f35d8b5ea6babf916a6e7dd8a4,Team Vitality,oe:team:e8d8ae992fe72acb7adc7bfcee31dbb,0,Elise,Jayce,Bard,Orianna,Rakan,Jhin,,,,,,2308,0,2,7,3,16,19,0,0,0,0,0,0,0,0,0.4159,0.9099,,,,,,,,,,,,,,,,,,,,,0,0,,,,,,,,,,0,0,13140,341.5945,0.139551,652.8510,363.1716,307,84,2.1837,20,0.5199,31,170,4.4194,10320,5336,138.7175,0.111133,10035,,,45,41,4,,,1.1698,2297,2090,13,2690,2694,10,-393,-604,3,0,0,0,0,1,0,3543,2877,20,3816,3261,10,-273,-384,10,0,1,2,0,3,0,4972,4432,28,4858,4855,17,114,-423,11,0,1,2,0,3,0,6809,7308,33,5990,6089,20,819,1219,13,1,2,3,0,4,1
LOLTMNT05_214276,complete,,LEC,2026,Summer,0,2026-07-25 14:52:49,1,16.14,1,Blue,top,BrokenBlade,oe:player:84bff3a326833c7c9181c698f676878,G2 Esports,oe:team:7d6673d3a9d00363c6bebc1a630da6e,0,Kled,Locke,Rumble,Jayce,Akali,Syndra,,,,,,1661,1,6,1,6,26,8,0,0,0,0,0,0,0,0,0.9392,1.1921,,,,,,,,,,,,,,,,,,,,,0,0,,,,,,,,,,2,0,29920,1080.7947,0.279804,1543.4557,1183.4557,19392,12,0.4335,3,0.1084,4,28,1.0114,13160,9496,343.0223,0.227335,12750,,,224,224,0,,,8.0915,3355,4899,85,3651,5416,95,-296,-517,-10,0,2,0,0,0,0,5082,8305,132,5285,8829,144,-203,-524,-12,0,2,0,0,0,0,8388,13150,187,6965,11618,191,1423,1532,-4,3,4,0,0,0,2,10546,15801,205,9678,14239,228,868,1562,-23,6,5,1,1,0,4
LOLTMNT05_214276,complete,,LEC,2026,Summer,0,2026-07-25 14:52:49,1,16.14,2,Blue,jng,SkewMond,oe:player:ab15060e5225b51592cd04b3aed1e09,G2 Esports,oe:team:7d6673d3a9d00363c6bebc1a630da6e,0,Jarvan IV,Locke,Rumble,Jayce,Akali,Syndra,,,,,,1661,1,5,2,16,26,8,2,0,0,0,0,0,0,0,0.9392,1.1921,,,,,,,,,,,,,,,,,,,,,1,0,,,,,,,,,,1,0,20479,739.7592,0.191514,791.6315,1281.5653,3179,10,0.3612,11,0.3974,9,47,1.6978,13260,9596,346.6346,0.229729,11825,,,203,22,181,,,7.3329,4160,3859,70,3626,4224,84,534,-365,-14,2,0,1,0,1,0,5965,6586,116,5261,6672,125,704,-86,-9,2,0,1,0,1,0,8283,9269,145,6832,8620,164,1451,649,-19,3,5,2,0,1,2,11263,13123,186,9099,10291,183,2164,2832,3,5,9,2,2,1,3
LOLTMNT05_214276,complete,,LEC,2026,Summer,0,2026-07-25 14:52:49,1,16.14,3,Blue,mid,Caps,oe:player:55dd587cdc4a278be6a5c37f9e539de,G2 Esports,oe:team:7d6673d3a9d00363c6bebc1a630da6e,0,Orianna,Locke,Rumble,Jayce,Akali,Syndra,,,,,,1661,1,9,1,12,26,8,2,0,0,0,0,0,0,1,0.9392,1.1921,,,,,,,,,,,,,,,,,,,,,0,0,,,,,,,,,,0,0,25658,926.8393,0.239947,504.6358,457.8206,8056,9,0.3251,3,0.1084,4,28,1.0114,12965,9301,335.9783,0.222667,11000,,,237,229,8,,,8.5611,3382,4677,88,4177,4833,90,-795,-156,-2,0,2,1,2,0,1,4889,7028,136,5758,7264,138,-869,-236,-2,0,2,1,2,0,1,8092,10040,175,7508,9936,175,584,104,0,3,5,1,3,0,3,10460,13783,214,8616,11026,193,1844,2757,21,5,9,1,3,1,5
LOLTMNT05_214276,complete,,LEC,2026,Summer,0,2026-07-25 14:52:49,1,16.14,4,Blue,bot,Hans Sama,oe:player:c62a5235ad6bc113a1e64eb0e9aa8c8,G2 Esports,oe:team:7d6673d3a9d00363c6bebc1a630da6e,0,Viktor,Locke,Rumble,Jayce,Akali,Syndra,,,,,,1661,1,3,1,11,26,8,0,0,0,0,0,0,0,0,0.9392,1.1921,,,,,,,,,,,,,,,,,,,,,0,0,,,,,,,,,,0,0,21976,793.8350,0.205514,455.6171,569.3317,2857,16,0.5780,4,0.1445,7,37,1.3365,12302,8638,312.0289,0.206794,10625,,,242,242,0,,,8.7417,3381,4316,89,3379,3964,88,2,352,1,0,2,0,0,0,0,5582,7052,144,5202,6305,131,380,747,13,0,2,0,0,0,0,8025,9742,187,7421,8835,179,604,907,8,0,4,0,1,0,0,9917,13085,219,8985,11903,212,932,1182,7,1,7,1,1,1,1
LOLTMNT05_214276,complete,,LEC,2026,Summer,0,2026-07-25 14:52:49,1,16.14,5,Blue,sup,Labrov,oe:player:bb6ac5763c6576e104a7a2f59eb4ddf,G2 Esports,oe:team:7d6673d3a9d00363c6bebc1a630da6e,0,Shen,Locke,Rumble,Jayce,Akali,Syndra,,,,,,1661,1,3,3,14,26,8,0,0,0,0,0,0,0,0,0.9392,1.1921,,,,,,,,,,,,,,,,,,,,,0,0,,,,,,,,,,0,0,8899,321.4570,0.0832211,587.2848,754.4250,1016,52,1.8784,10,0.3612,18,114,4.1180,8404,4740,171.2222,0.113475,6995,,,24,24,0,,,0.8669,2321,1621,11,2656,1632,9,-335,-11,2,0,0,1,0,2,1,3394,2915,20,3758,2444,16,-364,471,4,0,0,1,0,2,1,5206,4400,22,4962,3154,19,244,1246,3,1,5,2,0,3,3,6887,7974,23,6474,5499,23,413,2475,0,2,11,3,0,6,6
LOLTMNT05_214276,complete,,LEC,2026,Summer,0,2026-07-25 14:52:49,1,16.14,6,Red,top,Naak Nako,oe:player:370f639a8b838f1933c7232d8adae72,Team Vitality,oe:team:e8d8ae992fe72acb7adc7bfcee31dbb,1,Renekton,Poppy,Ezreal,Leona,Vayne,Dr. Mundo,,,,,,1661,0,1,4,0,7,26,0,0,0,0,0,0,0,0,0.2529,1.1921,,,,,,,,,,,,,,,,,,,,,0,0,,,,,,,,,,0,2,23316,842.2396,0.31115,1286.5503,1168.8621,7843,9,0.3251,3,0.1084,3,27,0.9753,10569,6905,249.4281,0.254816,10350,,,253,249,4,,,9.1391,3651,5416,95,3355,4899,85,296,517,10,0,0,0,0,2,0,5285,8829,144,5082,8305,132,203,524,12,0,0,0,0,2,0,6965,11618,191,8388,13150,187,-1423,-1532,4,0,0,2,3,4,0,9678,14239,228,10546,15801,205,-868,-1562,23,1,0,4,6,5,1
LOLTMNT05_214276,complete,,LEC,2026,Summer,0,2026-07-25 14:52:49,1,16.14,7,Red,jng,Lyncas,oe:player:ca9701f085966dfca32e31b1b1e9d55,Team Vitality,oe:team:e8d8ae992fe72acb7adc7bfcee31dbb,1,Nocturne,Poppy,Ezreal,Leona,Vayne,Dr. Mundo,,,,,,1661,0,2,5,1,7,26,0,0,0,0,0,0,0,0,0.2529,1.1921,,,,,,,,,,,,,,,,,,,,,0,1,,,,,,,,,,0,1,10881,393.0524,0.145206,900.5418,681.6014,0,3,0.1084,7,0.2529,1,33,1.1921,9427,5763,208.1758,0.212673,8275,,,183,16,167,,,6.6105,3626,4224,84,4160,3859,70,-534,365,14,0,1,0,2,0,1,5261,6672,125,5965,6586,116,-704,86,9,0,1,0,2,0,1,6832,8620,164,8283,9269,145,-1451,-649,19,0,1,2,3,5,2,9099,10291,183,11263,13123,186,-2164,-2832,-3,2,1,3,5,9,2
LOLTMNT05_214276,complete,,LEC,2026,Summer,0,2026-07-25 14:52:49,1,16.14,8,Red,mid,FIESTA,oe:player:5ee64eb3feb02e60832a2265db54f71,Team Vitality,oe:team:e8d8ae992fe72acb7adc7bfcee31dbb,1,Sylas,Poppy,Ezreal,Leona,Vayne,Dr. Mundo,,,,,,1661,0,3,7,1,7,26,0,0,0,0,1,1,0,0,0.2529,1.1921,,,,,,,,,,,,,,,,,,,,,0,0,,,,,,,,,,0,0,16799,606.8272,0.224181,1222.5768,1017.7243,1290,8,0.2890,3,0.1084,7,25,0.9031,9032,5368,193.9073,0.198096,9160,,,198,198,0,,,7.1523,4177,4833,90,3382,4677,88,795,156,2,2,0,1,0,2,1,5758,7264,138,4889,7028,136,869,236,2,2,0,1,0,2,1,7508,9936,175,8092,10040,175,-584,-104,0,3,0,3,3,5,1,8616,11026,193,10460,13783,214,-1844,-2757,-21,3,1,5,5,9,1
LOLTMNT05_214276,complete,,LEC,2026,Summer,0,2026-07-25 14:52:49,1,16.14,9,Red,bot,Carzzy,oe:player:ec0c2b8d7630efba391c288765d4d7e,Team Vitality,oe:team:e8d8ae992fe72acb7adc7bfcee31dbb,1,Cassiopeia,Poppy,Ezreal,Leona,Vayne,Dr. Mundo,,,,,,1661,0,1,3,1,7,26,0,0,0,0,0,0,0,0,0.2529,1.1921,,,,,,,,,,,,,,,,,,,,,0,0,,,,,,,,,,0,0,12835,463.6364,0.171282,677.5196,395.5449,2748,8,0.2890,7,0.2529,1,27,0.9753,9398,5734,207.1282,0.211602,9125,,,215,215,0,,,7.7664,3379,3964,88,3381,4316,89,-2,-352,-1,0,0,0,0,2,0,5202,6305,131,5582,7052,144,-380,-747,-13,0,0,0,0,2,0,7421,8835,179,8025,9742,187,-604,-907,-8,1,0,0,0,4,0,8985,11903,212,9917,13085,219,-932,-1182,-7,1,1,1,1,7,1
LOLTMNT05_214276,complete,,LEC,2026,Summer,0,2026-07-25 14:52:49,1,16.14,10,Red,sup,Fleshy,oe:player:10be1f35d8b5ea6babf916a6e7dd8a4,Team Vitality,oe:team:e8d8ae992fe72acb7adc7bfcee31dbb,1,Camille,Poppy,Ezreal,Leona,Vayne,Dr. Mundo,,,,,,1661,0,0,7,6,7,26,0,0,0,0,1,0,1,0,0.2529,1.1921,,,,,,,,,,,,,,,,,,,,,0,0,,,,,,,,,,0,0,11104,401.1078,0.148182,754.5334,521.1439,427,52,1.8784,19,0.6863,17,121,4.3709,6992,3328,120.2167,0.122813,6610,,,24,24,0,,,0.8669,2656,1632,9,2321,1621,11,335,11,-2,0,2,1,0,0,1,3758,2444,16,3394,2915,20,364,-471,-4,0,2,1,0,0,1,4962,3154,19,5206,4400,22,-244,-1246,-3,0,3,3,1,5,2,6474,5499,23,6887,7974,23,-413,-2475,0,0,6,6,2,11,3
LOLTMNT05_213189,complete,,LEC,2026,Summer,0,2026-07-25 15:40:51,2,16.14,1,Blue,top,BrokenBlade,oe:player:84bff3a326833c7c9181c698f676878,G2 Esports,oe:team:7d6673d3a9d00363c6bebc1a630da6e,1,K'Sante,Locke,Poppy,Bard,Pyke,Ryze,,,,,,1772,1,2,1,5,22,5,0,0,0,0,0,0,0,0,0.7449,0.9142,,,,,,,,,,,,,,,,,,,,,0,0,,,,,,,,,,1,0,10985,371.9526,0.149704,839.5260,1485.5079,8983,13,0.4402,7,0.2370,5,39,1.3205,12851,8961,303.4199,0.202706,10375,,,291,291,0,,,9.8533,3613,5472,106,3764,5338,96,-151,134,10,0,0,0,0,0,0,5832,8995,151,5253,7748,131,579,1247,20,1,1,0,0,0,1,7440,11535,191,7350,11225,191,90,310,0,1,2,1,0,0,1,9845,14865,245,9287,13985,236,558,880,9,1,3,1,0,0,2
LOLTMNT05_213189,complete,,LEC,2026,Summer,0,2026-07-25 15:40:51,2,16.14,2,Blue,jng,SkewMond,oe:player:ab15060e5225b51592cd04b3aed1e09,G2 Esports,oe:team:7d6673d3a9d00363c6bebc1a630da6e,1,Lee Sin,Locke,Poppy,Bard,Pyke,Ryze,,,,,,1772,1,4,0,5,22,5,1,0,0,0,0,0,0,0,0.7449,0.9142,,,,,,,,,,,,,,,,,,,,,0,0,,,,,,,,,,1,0,13301,450.3725,0.181267,935.7901,1439.3228,4046,18,0.6095,5,0.1693,6,48,1.6253,12121,8231,278.7020,0.186191,9650,,,224,20,204,,,7.5847,3857,4326,78,3260,3633,70,597,693,8,1,1,0,0,0,0,6156,7007,114,4754,5910,104,1402,1097,10,3,1,0,0,0,1,8134,10184,159,6964,8429,139,1170,1755,20,3,1,0,1,0,1,10367,13128,195,8759,11330,171,1608,1798,24,4,3,0,1,0,2
LOLTMNT05_213189,complete,,LEC,2026,Summer,0,2026-07-25 15:40:51,2,16.14,3,Blue,mid,Caps,oe:player:55dd587cdc4a278be6a5c37f9e539de,G2 Esports,oe:team:7d6673d3a9d00363c6bebc1a630da6e,1,Ahri,Locke,Poppy,Bard,Pyke,Ryze,,,,,,1772,1,15,2,5,22,5,2,1,0,0,0,0,0,1,0.7449,0.9142,,,,,,,,,,,,,,,,,,,,,0,0,,,,,,,,,,0,0,36248,1227.3589,0.49399,689.8984,336.2980,10903,6,0.2032,6,0.2032,2,23,0.7788,16217,12327,417.3928,0.278852,15500,,,267,262,5,,,9.0406,4465,4951,88,3737,4420,84,728,531,4,3,0,2,2,0,3,7068,8668,150,5391,6115,124,1677,2553,26,4,3,2,2,0,4,9645,11349,203,7069,8520,165,2576,2829,38,6,3,2,2,1,6,12945,14480,238,9028,10863,192,3917,3617,46,10,4,2,3,1,7
LOLTMNT05_213189,complete,,LEC,2026,Summer,0,2026-07-25 15:40:51,2,16.14,4,Blue,bot,Hans Sama,oe:player:c62a5235ad6bc113a1e64eb0e9aa8c8,G2 Esports,oe:team:7d6673d3a9d00363c6bebc1a630da6e,1,Syndra,Locke,Poppy,Bard,Pyke,Ryze,,,,,,1772,1,1,1,4,22,5,0,0,0,0,0,0,0,0,0.7449,0.9142,,,,,,,,,,,,,,,,,,,,,0,1,,,,,,,,,,1,0,7487,253.5102,0.102033,454.0971,182.0316,16746,17,0.5756,2,0.0677,8,34,1.1512,14428,10538,356.8172,0.238381,11900,,,294,294,0,,,9.9549,3811,4707,97,3129,3882,83,682,825,14,0,1,0,0,0,1,7019,7376,155,5049,6342,129,1970,1034,26,0,1,0,0,0,2,9527,10238,211,7103,9428,190,2424,810,21,0,2,0,0,0,2,11693,11993,243,9762,13563,260,1931,-1570,-17,0,4,1,0,1,3
LOLTMNT05_213189,complete,,LEC,2026,Summer,0,2026-07-25 15:40:51,2,16.14,5,Blue,sup,Labrov,oe:player:bb6ac5763c6576e104a7a2f59eb4ddf,G2 Esports,oe:team:7d6673d3a9d00363c6bebc1a630da6e,1,Leona,Locke,Poppy,Bard,Pyke,Ryze,,,,,,1772,1,0,1,10,22,5,0,0,0,0,0,0,0,0,0.7449,0.9142,,,,,,,,,,,,,,,,,,,,,0,0,,,,,,,,,,0,0,5357,181.3883,0.0730055,568.4424,439.9774,1148,61,2.0655,14,0.4740,27,131,4.4357,8040,4150,140.5192,0.0938708,7860,,,28,28,0,,,0.9481,2448,2131,14,2538,2313,16,-90,-182,-2,0,2,0,0,1,0,3955,3177,20,3731,3033,26,224,144,-6,0,4,0,0,1,0,5281,4143,22,4988,3951,30,293,192,-8,0,5,0,0,2,0,6573,5535,25,6546,7189,37,27,-1654,-12,0,7,0,0,3,1
LOLTMNT05_213189,complete,,LEC,2026,Summer,0,2026-07-25 15:40:51,2,16.14,6,Red,top,Naak Nako,oe:player:370f639a8b838f1933c7232d8adae72,Team Vitality,oe:team:e8d8ae992fe72acb7adc7bfcee31dbb,0,Jayce,Lucian,Vi,Xin Zhao,Yorick,Olaf,,,,,,1772,0,1,4,0,5,22,0,0,0,0,0,0,0,0,0.1693,0.9142,,,,,,,,,,,,,,,,,,,,,0,0,,,,,,,,,,0,1,17212,582.7991,0.252327,630.5756,468.5553,4335,13,0.4402,8,0.2709,4,37,1.2528,11150,7260,245.8239,0.234795,10250,,,269,257,12,,,9.1084,3764,5338,96,3613,5472,106,151,-134,-10,0,0,0,0,0,0,5253,7748,131,5832,8995,151,-579,-1247,-20,0,0,1,1,1,0,7350,11225,191,7440,11535,191,-90,-310,0,0,0,1,1,2,1,9287,13985,236,9845,14865,245,-558,-880,-9,0,0,2,1,3,1
LOLTMNT05_213189,complete,,LEC,2026,Summer,0,2026-07-25 15:40:51,2,16.14,7,Red,jng,Lyncas,oe:player:ca9701f085966dfca32e31b1b1e9d55,Team Vitality,oe:team:e8d8ae992fe72acb7adc7bfcee31dbb,0,Wukong,Lucian,Vi,Xin Zhao,Yorick,Olaf,,,,,,1772,0,1,4,0,5,22,0,0,0,0,0,0,0,0,0.1693,0.9142,,,,,,,,,,,,,,,,,,,,,0,0,,,,,,,,,,0,1,6471,219.1084,0.0948646,733.9842,466.6253,0,6,0.2032,8,0.2709,4,30,1.0158,9562,5672,192.0542,0.183434,9233,,,177,10,167,,,5.9932,3260,3633,70,3857,4326,78,-597,-693,-8,0,0,0,1,1,0,4754,5910,104,6156,7007,114,-1402,-1097,-10,0,0,1,3,1,0,6964,8429,139,8134,10184,159,-1170,-1755,-20,1,0,1,3,1,0,8759,11330,171,10367,13128,195,-1608,-1798,-24,1,0,2,4,3,0
LOLTMNT05_213189,complete,,LEC,2026,Summer,0,2026-07-25 15:40:51,2,16.14,8,Red,mid,FIESTA,oe:player:5ee64eb3feb02e60832a2265db54f71,Team Vitality,oe:team:e8d8ae992fe72acb7adc7bfcee31dbb,0,LeBlanc,Lucian,Vi,Xin Zhao,Yorick,Olaf,,,,,,1772,0,3,8,1,5,22,0,0,0,0,1,1,0,0,0.1693,0.9142,,,,,,,,,,,,,,,,,,,,,0,0,,,,,,,,,,0,0,20799,704.2551,0.304913,803.0248,406.5576,2630,4,0.1354,11,0.3725,2,25,0.8465,10363,6473,219.1761,0.209341,9950,,,223,223,0,,,7.5508,3737,4420,84,4465,4951,88,-728,-531,-4,2,0,3,3,0,2,5391,6115,124,7068,8668,150,-1677,-2553,-26,2,0,4,4,3,2,7069,8520,165,9645,11349,203,-2576,-2829,-38,2,1,6,6,3,2,9028,10863,192,12945,14480,238,-3917,-3617,-46,3,1,7,10,4,2
LOLTMNT05_213189,complete,,LEC,2026,Summer,0,2026-07-25 15:40:51,2,16.14,9,Red,bot,Carzzy,oe:player:ec0c2b8d7630efba391c288765d4d7e,Team Vitality,oe:team:e8d8ae992fe72acb7adc7bfcee31dbb,0,Ziggs,Lucian,Vi,Xin Zhao,Yorick,Olaf,,,,,,1772,0,0,4,1,5,22,0,0,0,0,0,0,0,0,0.1693,0.9142,,,,,,,,,,,,,,,,,,,,,1,0,,,,,,,,,,0,1,19328,654.4470,0.283348,373.8826,137.8442,1935,11,0.3725,4,0.1354,1,26,0.8804,11566,7676,259.9097,0.248249,11675,,,310,302,8,,,10.4966,3129,3882,83,3811,4707,97,-682,-825,-14,0,0,1,0,1,0,5049,6342,129,7019,7376,155,-1970,-1034,-26,0,0,2,0,1,0,7103,9428,190,9527,10238,211,-2424,-810,-21,0,0,2,0,2,0,9762,13563,260,11693,11993,243,-1931,1570,17,0,1,3,0,4,1
LOLTMNT05_213189,complete,,LEC,2026,Summer,0,2026-07-25 15:40:51,2,16.14,10,Red,sup,Fleshy,oe:player:10be1f35d8b5ea6babf916a6e7dd8a4,Team Vitality,oe:team:e8d8ae992fe72acb7adc7bfcee31dbb,0,Rakan,Lucian,Vi,Xin Zhao,Yorick,Olaf,,,,,,1772,0,0,2,4,5,22,0,0,0,0,0,0,0,0,0.1693,0.9142,,,,,,,,,,,,,,,,,,,,,0,0,,,,,,,,,,0,0,4403,149.0858,0.0645478,464.1196,318.6230,0,68,2.3025,23,0.7788,28,139,4.7065,7730,3840,130.0226,0.124182,7175,,,43,43,0,,,1.4560,2538,2313,16,2448,2131,14,90,182,2,0,1,0,0,2,0,3731,3033,26,3955,3177,20,-224,-144,6,0,1,0,0,4,0,4988,3951,30,5281,4143,22,-293,-192,8,0,2,0,0,5,0,6546,7189,37,6573,5535,25,-27,1654,12,0,3,1,0,7,0
LOLTMNT05_214296,complete,,LEC,2026,Summer,0,2026-07-25 16:38:52,1,16.14,1,Blue,top,Myrwn,oe:player:ede24d5e0911d7a4f6ec514a67802ff,Movistar KOI,oe:team:4acc40654379b4da680be1bd3129dfa,1,Rumble,Poppy,Jayce,Viktor,Vayne,Tristana,,,,,,1881,0,2,3,5,18,24,0,0,0,0,0,0,0,0,0.5742,1.3397,,,,,,,,,,,,,,,,,,,,,0,0,,,,,,,,,,0,0,14718,469.4737,0.176483,779.5853,1049.4099,4746,14,0.4466,4,0.1276,7,42,1.3397,10817,6704,213.8437,0.175959,10635,,,245,241,4,,,7.8150,3416,5317,95,3281,5286,88,135,31,7,0,0,0,0,0,0,5344,7816,146,5204,8723,135,140,-907,11,1,0,1,1,2,0,7573,11826,197,6972,11640,187,601,186,10,1,1,1,1,2,1,8964,13817,228,9297,15807,227,-333,-1990,1,1,2,2,2,5,1
LOLTMNT05_214296,complete,,LEC,2026,Summer,0,2026-07-25 16:38:52,1,16.14,2,Blue,jng,Elyoya,oe:player:8a8f18e4b7d0f30c19c5fb99a526951,Movistar KOI,oe:team:4acc40654379b4da680be1bd3129dfa,1,Nocturne,Poppy,Jayce,Viktor,Vayne,Tristana,,,,,,1881,0,2,5,9,18,24,0,0,0,0,0,0,0,0,0.5742,1.3397,,,,,,,,,,,,,,,,,,,,,0,1,,,,,,,,,,0,0,16348,521.4673,0.196029,1243.6683,770.2392,0,10,0.3190,9,0.2871,11,40,1.2759,11087,6974,222.4561,0.183045,13010,,,216,31,185,,,6.8900,3505,3828,75,3731,4355,82,-226,-527,-7,0,2,1,0,2,0,5213,5478,111,5590,6636,123,-377,-1158,-12,1,3,1,0,5,0,7879,9541,162,7399,8839,159,480,702,3,2,5,1,1,5,1,9365,11433,191,9920,11227,183,-555,206,8,2,6,2,3,7,1
LOLTMNT05_214296,complete,,LEC,2026,Summer,0,2026-07-25 16:38:52,1,16.14,3,Blue,mid,Jojopyun,oe:player:83eb62484689106807fcf5ad55b5479,Movistar KOI,oe:team:4acc40654379b4da680be1bd3129dfa,1,Akali,Poppy,Jayce,Viktor,Vayne,Tristana,,,,,,1881,0,7,2,5,18,24,1,0,0,0,1,0,1,0,0.5742,1.3397,,,,,,,,,,,,,,,,,,,,,0,0,,,,,,,,,,0,0,18597,593.2057,0.222996,866.9856,693.8437,4612,15,0.4785,5,0.1595,5,52,1.6587,13575,9462,301.8182,0.248345,12725,,,276,276,0,,,8.8038,4322,4990,90,3907,4152,84,415,838,6,2,3,0,2,1,3,5926,7587,138,6097,6787,133,-171,800,5,2,4,0,4,2,3,8865,11182,196,7885,9583,185,980,1599,11,4,4,0,4,2,3,10450,13371,228,10493,14011,215,-43,-640,13,5,4,0,5,5,3
LOLTMNT05_214296,complete,,LEC,2026,Summer,0,2026-07-25 16:38:52,1,16.14,4,Blue,bot,Supa,oe:player:1223a0ed2bfab9b714c72d965df8133,Movistar KOI,oe:team:4acc40654379b4da680be1bd3129dfa,1,Caitlyn,Poppy,Jayce,Viktor,Vayne,Tristana,,,,,,1881,0,4,5,3,18,24,0,0,0,0,0,0,0,0,0.5742,1.3397,,,,,,,,,,,,,,,,,,,,,0,0,,,,,,,,,,0,1,25567,815.5343,0.306573,632.5359,310.5901,7667,12,0.3828,11,0.3509,4,35,1.1164,13941,9828,313.4928,0.257952,13400,,,278,278,0,,,8.8676,3918,3833,79,3553,4139,75,365,-306,4,1,0,1,1,1,0,5983,6266,131,5887,6630,127,96,-364,4,1,1,1,1,4,0,8956,9396,194,7896,9053,188,1060,343,6,2,2,1,1,5,1,10952,11449,243,10143,11048,216,809,401,27,2,2,2,1,7,2
LOLTMNT05_214296,complete,,LEC,2026,Summer,0,2026-07-25 16:38:52,1,16.14,5,Blue,sup,Alvaro,oe:player:f5bf9bd732b85e4dcab5121e4769ae4,Movistar KOI,oe:team:4acc40654379b4da680be1bd3129dfa,1,Camille,Poppy,Jayce,Viktor,Vayne,Tristana,,,,,,1881,0,3,9,10,18,24,0,0,0,0,1,1,0,0,0.5742,1.3397,,,,,,,,,,,,,,,,,,,,,0,0,,,,,,,,,,0,0,8166,260.4785,0.0979184,849.2823,630.0478,3474,65,2.0734,18,0.5742,18,158,5.0399,9245,5132,163.7002,0.1347,9190,,,27,27,0,,,0.8612,3479,1618,7,2727,2007,10,752,-389,-3,2,3,2,1,2,2,4679,2660,14,3821,3183,14,858,-523,0,2,5,4,1,5,4,6323,3443,20,4902,4584,17,1421,-1141,3,2,7,5,1,6,5,7390,3781,23,6409,6670,18,981,-2889,5,2,7,6,1,9,5
LOLTMNT05_214296,complete,,LEC,2026,Summer,0,2026-07-25 16:38:52,1,16.14,6,Red,top,Canna,oe:player:7577c239c73fa5f3011cd7b5503e75e,Karmine Corp,oe:team:f3aa9bbd924ce3af42ac53f8326bc7c,0,Galio,Vi,Locke,Orianna,Kai'Sa,Ambessa,,,,,,1881,1,2,2,12,24,18,0,0,0,0,0,0,0,0,0.7656,1.3397,,,,,,,,,,,,,,,,,,,,,0,0,,,,,,,,,,0,0,16161,515.5024,0.145466,748.4848,1867.2089,4709,16,0.5104,4,0.1276,5,43,1.3716,12603,8490,270.8134,0.187293,11025,,,264,263,1,,,8.4211,3281,5286,88,3416,5317,95,-135,-31,-7,0,0,0,0,0,0,5204,8723,135,5344,7816,146,-140,907,-11,1,2,0,1,0,1,6972,11640,187,7573,11826,197,-601,-186,-10,1,2,1,1,1,1,9297,15807,227,8964,13817,228,333,1990,-1,2,5,1,1,2,2
LOLTMNT05_214296,complete,,LEC,2026,Summer,0,2026-07-25 16:38:52,1,16.14,7,Red,jng,Yike,oe:player:4203fc46c4c6333e9bfa9d0a8618677,Karmine Corp,oe:team:f3aa9bbd924ce3af42ac53f8326bc7c,0,Jarvan IV,Vi,Locke,Orianna,Kai'Sa,Ambessa,,,,,,1881,1,5,4,14,24,18,1,0,0,0,0,0,0,0,0.7656,1.3397,,,,,,,,,,,,,,,,,,,,,1,0,,,,,,,,,,0,0,23680,755.3429,0.213145,1072.0574,1599.7767,758,10,0.3190,18,0.5742,8,69,2.2010,13445,9332,297.6715,0.205868,11700,,,210,20,190,,,6.6986,3731,4355,82,3505,3828,75,226,527,7,0,2,0,0,2,1,5590,6636,123,5213,5478,111,377,1158,12,0,5,0,1,3,1,7399,8839,159,7879,9541,162,-480,-702,-3,1,5,1,2,5,1,9920,11227,183,9365,11433,191,555,-206,-8,3,7,1,2,6,2
LOLTMNT05_214296,complete,,LEC,2026,Summer,0,2026-07-25 16:38:52,1,16.14,8,Red,mid,kyeahoo,oe:player:308e48bf56284c09a1a9aadf55bc80c,Karmine Corp,oe:team:f3aa9bbd924ce3af42ac53f8326bc7c,0,Cassiopeia,Vi,Locke,Orianna,Kai'Sa,Ambessa,,,,,,1881,1,11,3,6,24,18,2,0,0,0,0,0,0,1,0.7656,1.3397,,,,,,,,,,,,,,,,,,,,,0,0,,,,,,,,,,0,0,30184,962.8070,0.271688,761.9458,900.9888,8387,10,0.3190,6,0.1914,1,29,0.9250,15086,10973,350.0159,0.242069,13175,,,250,239,11,,,7.9745,3907,4152,84,4322,4990,90,-415,-838,-6,2,1,3,2,3,0,6097,6787,133,5926,7587,138,171,-800,-5,4,2,3,2,4,0,7885,9583,185,8865,11182,196,-980,-1599,-11,4,2,3,4,4,0,10493,14011,215,10450,13371,228,43,640,-13,5,5,3,5,4,0
LOLTMNT05_214296,complete,,LEC,2026,Summer,0,2026-07-25 16:38:52,1,16.14,9,Red,bot,Caliste,oe:player:e2af2b779499aa25ab9a9c10c9a5ffd,Karmine Corp,oe:team:f3aa9bbd924ce3af42ac53f8326bc7c,0,Ezreal,Vi,Locke,Orianna,Kai'Sa,Ambessa,,,,,,1881,1,5,2,11,24,18,1,0,0,0,0,0,0,0,0.7656,1.3397,,,,,,,,,,,,,,,,,,,,,0,0,,,,,,,,,,1,0,32851,1047.8788,0.295694,512.9187,538.4370,22063,17,0.5423,8,0.2552,5,40,1.2759,15914,11801,376.4274,0.260334,13233,,,273,265,8,,,8.7081,3553,4139,75,3918,3833,79,-365,306,-4,1,1,0,1,0,1,5887,6630,127,5983,6266,131,-96,364,-4,1,4,0,1,1,1,7896,9053,188,8956,9396,194,-1060,-343,-6,1,5,1,2,2,1,10143,11048,216,10952,11449,243,-809,-401,-27,1,7,2,2,2,2
LOLTMNT05_214296,complete,,LEC,2026,Summer,0,2026-07-25 16:38:52,1,16.14,10,Red,sup,Busio,oe:player:3e722c8ede909c83af9342c41805a16,Karmine Corp,oe:team:f3aa9bbd924ce3af42ac53f8326bc7c,0,Leona,Vi,Locke,Orianna,Kai'Sa,Ambessa,,,,,,1881,1,1,7,15,24,18,0,0,0,0,0,0,0,0,0.7656,1.3397,,,,,,,,,,,,,,,,,,,,,0,0,,,,,,,,,,0,0,8222,262.2648,0.0740067,745.6778,1258.4689,79,64,2.0415,7,0.2233,20,117,3.7321,8847,4734,151.0048,0.104436,8580,,,22,22,0,,,0.7018,2727,2007,10,3479,1618,7,-752,389,3,1,2,2,2,3,2,3821,3183,14,4679,2660,14,-858,523,0,1,5,4,2,5,4,4902,4584,17,6323,3443,20,-1421,1141,-3,1,6,5,2,7,5,6409,6670,18,7390,3781,23,-981,2889,-5,1,9,5,2,7,6
LOLTMNT05_214298,complete,,LEC,2026,Summer,0,2026-07-25 17:35:44,2,16.14,1,Blue,top,Canna,oe:player:7577c239c73fa5f3011cd7b5503e75e,Karmine Corp,oe:team:f3aa9bbd924ce3af42ac53f8326bc7c,0,Gnar,Vi,Locke,Lee Sin,Jhin,Mel,,,,,,1634,1,2,2,5,17,6,0,0,0,0,0,0,0,1,0.6242,0.8446,,,,,,,,,,,,,,,,,,,,,0,0,,,,,,,,,,1,0,11464,420.9547,0.173489,640.4284,787.1236,9554,12,0.4406,7,0.2570,4,36,1.3219,10725,7116,261.2974,0.167199,10283,,,221,221,0,,,8.1151,3138,4529,83,3685,4976,92,-547,-447,-9,0,0,1,0,0,0,5457,8451,128,5988,8891,144,-531,-440,-16,2,0,2,1,0,1,7764,11034,160,8224,11726,183,-460,-692,-23,2,2,2,2,1,2,9817,15565,210,10634,14355,224,-817,1210,-14,2,2,2,3,1,2
LOLTMNT05_214298,complete,,LEC,2026,Summer,0,2026-07-25 17:35:44,2,16.14,2,Blue,jng,Yike,oe:player:4203fc46c4c6333e9bfa9d0a8618677,Karmine Corp,oe:team:f3aa9bbd924ce3af42ac53f8326bc7c,0,Qiyana,Vi,Locke,Lee Sin,Jhin,Mel,,,,,,1634,1,9,2,3,17,6,2,0,0,0,0,0,0,0,0.6242,0.8446,,,,,,,,,,,,,,,,,,,,,1,0,,,,,,,,,,0,0,16390,601.8360,0.248036,684.0514,412.7662,4679,9,0.3305,11,0.4039,8,51,1.8727,15983,12374,454.3696,0.290742,12700,,,236,24,212,,,8.6659,3876,4252,85,3471,4089,80,405,163,5,0,0,0,0,0,0,5919,6408,122,5293,6530,116,626,-122,6,1,0,1,1,0,1,9243,9815,172,8121,8822,157,1122,993,15,3,1,1,2,1,1,12828,12962,206,9853,11480,202,2975,1482,4,6,1,2,2,1,2
LOLTMNT05_214298,complete,,LEC,2026,Summer,0,2026-07-25 17:35:44,2,16.14,3,Blue,mid,kyeahoo,oe:player:308e48bf56284c09a1a9aadf55bc80c,Karmine Corp,oe:team:f3aa9bbd924ce3af42ac53f8326bc7c,0,Viktor,Vi,Locke,Lee Sin,Jhin,Mel,,,,,,1634,1,1,1,8,17,6,0,0,0,0,0,0,0,0,0.6242,0.8446,,,,,,,,,,,,,,,,,,,,,0,0,,,,,,,,,,0,0,18160,666.8299,0.274823,588.5435,690.8813,16547,13,0.4774,6,0.2203,4,36,1.3219,12460,8851,325.0061,0.207965,10750,,,273,273,0,,,10.0245,3440,4694,97,3263,4405,86,177,289,11,0,0,0,0,0,0,5406,7637,150,5202,7004,134,204,633,16,0,1,0,0,2,1,7781,10732,208,7716,9896,188,65,836,20,0,3,1,0,4,2,11099,16168,255,9291,12112,231,1808,4056,24,0,6,1,0,5,3
LOLTMNT05_214298,complete,,LEC,2026,Summer,0,2026-07-25 17:35:44,2,16.14,4,Blue,bot,Caliste,oe:player:e2af2b779499aa25ab9a9c10c9a5ffd,Karmine Corp,oe:team:f3aa9bbd924ce3af42ac53f8326bc7c,0,Kai'Sa,Vi,Locke,Lee Sin,Jhin,Mel,,,,,,1634,1,5,0,4,17,6,0,0,0,0,0,0,0,0,0.6242,0.8446,,,,,,,,,,,,,,,,,,,,,0,0,,,,,,,,,,0,0,15522,569.9633,0.234901,424.7736,317.9927,5211,12,0.4406,10,0.3672,2,32,1.1750,14034,10425,382.8029,0.244948,11550,,,264,263,1,,,9.6940,3281,3808,87,3664,4194,89,-383,-386,-2,0,0,0,1,0,0,5690,6345,132,5383,6492,135,307,-147,-3,2,0,0,1,0,1,9491,9189,190,7364,8607,184,2127,582,6,3,1,0,1,0,2,12053,12290,236,9225,10614,227,2828,1676,9,4,1,0,1,0,3
LOLTMNT05_214298,complete,,LEC,2026,Summer,0,2026-07-25 17:35:44,2,16.14,5,Blue,sup,Busio,oe:player:3e722c8ede909c83af9342c41805a16,Karmine Corp,oe:team:f3aa9bbd924ce3af42ac53f8326bc7c,0,Shen,Vi,Locke,Lee Sin,Jhin,Mel,,,,,,1634,1,0,1,11,17,6,0,0,0,0,0,0,0,0,0.6242,0.8446,,,,,,,,,,,,,,,,,,,,,0,0,,,,,,,,,,0,0,4543,166.8176,0.068751,401.2362,440.0490,267,50,1.8360,13,0.4774,13,104,3.8188,7403,3794,139.3146,0.0891453,6510,,,27,27,0,,,0.9914,2266,2401,15,2548,1941,8,-282,460,7,0,0,0,0,1,0,3793,3348,18,3561,3217,14,232,131,4,0,3,0,0,1,1,5014,5275,19,4850,4422,19,164,853,0,0,5,1,0,2,1,6446,7286,25,6137,6269,26,309,1017,-1,0,6,1,0,3,2
LOLTMNT05_214298,complete,,LEC,2026,Summer,0,2026-07-25 17:35:44,2,16.14,6,Red,top,Myrwn,oe:player:ede24d5e0911d7a4f6ec514a67802ff,Movistar KOI,oe:team:4acc40654379b4da680be1bd3129dfa,1,Ambessa,Jayce,Syndra,Poppy,Ziggs,Vayne,,,,,,1634,0,3,3,1,6,17,0,0,0,0,0,0,0,0,0.2203,0.8446,,,,,,,,,,,,,,,,,,,,,0,0,,,,,,,,,,0,1,11783,432.6683,0.25318,673.9535,877.2338,9174,13,0.4774,6,0.2203,3,35,1.2852,11213,7604,279.2166,0.254297,10725,,,236,231,5,,,8.6659,3685,4976,92,3138,4529,83,547,447,9,0,0,0,0,0,1,5988,8891,144,5457,8451,128,531,440,16,1,0,1,2,0,2,8224,11726,183,7764,11034,160,460,692,23,2,1,2,2,2,2,10634,14355,224,9817,15565,210,817,-1210,14,3,1,2,2,2,2
LOLTMNT05_214298,complete,,LEC,2026,Summer,0,2026-07-25 17:35:44,2,16.14,7,Red,jng,Elyoya,oe:player:8a8f18e4b7d0f30c19c5fb99a526951,Movistar KOI,oe:team:4acc40654379b4da680be1bd3129dfa,1,Naafiri,Jayce,Syndra,Poppy,Ziggs,Vayne,,,,,,1634,0,2,3,1,6,17,0,0,0,0,0,0,0,0,0.2203,0.8446,,,,,,,,,,,,,,,,,,,,,0,1,,,,,,,,,,0,0,8965,329.1922,0.19263,745.3366,387.6132,3181,7,0.2570,13,0.4774,9,47,1.7258,10543,6934,254.6144,0.231891,10325,,,216,37,179,,,7.9315,3471,4089,80,3876,4252,85,-405,-163,-5,0,0,0,0,0,0,5293,6530,116,5919,6408,122,-626,122,-6,1,0,1,1,0,1,8121,8822,157,9243,9815,172,-1122,-993,-15,2,1,1,3,1,1,9853,11480,202,12828,12962,206,-2975,-1482,-4,2,1,2,6,1,2
LOLTMNT05_214298,complete,,LEC,2026,Summer,0,2026-07-25 17:35:44,2,16.14,8,Red,mid,Jojopyun,oe:player:83eb62484689106807fcf5ad55b5479,Movistar KOI,oe:team:4acc40654379b4da680be1bd3129dfa,1,Orianna,Jayce,Syndra,Poppy,Ziggs,Vayne,,,,,,1634,0,0,4,5,6,17,0,0,0,0,0,0,0,0,0.2203,0.8446,,,,,,,,,,,,,,,,,,,,,0,0,,,,,,,,,,0,0,11649,427.7479,0.250301,702.0808,412.6928,2576,14,0.5141,9,0.3305,4,41,1.5055,9879,6270,230.2326,0.209685,10000,,,243,243,0,,,8.9229,3263,4405,86,3440,4694,97,-177,-289,-11,0,0,0,0,0,0,5202,7004,134,5406,7637,150,-204,-633,-16,0,2,1,0,1,0,7716,9896,188,7781,10732,208,-65,-836,-20,0,4,2,0,3,1,9291,12112,231,11099,16168,255,-1808,-4056,-24,0,5,3,0,6,1
LOLTMNT05_214298,complete,,LEC,2026,Summer,0,2026-07-25 17:35:44,2,16.14,9,Red,bot,Supa,oe:player:1223a0ed2bfab9b714c72d965df8133,Movistar KOI,oe:team:4acc40654379b4da680be1bd3129dfa,1,Tristana,Jayce,Syndra,Poppy,Ziggs,Vayne,,,,,,1634,0,1,4,0,6,17,0,0,0,0,1,1,0,0,0.2203,0.8446,,,,,,,,,,,,,,,,,,,,,0,0,,,,,,,,,,0,0,8476,311.2362,0.182123,544.1126,223.8066,0,10,0.3672,5,0.1836,2,25,0.9180,9734,6125,224.9082,0.204836,9650,,,237,237,0,,,8.7026,3664,4194,89,3281,3808,87,383,386,2,1,0,0,0,0,0,5383,6492,135,5690,6345,132,-307,147,3,1,0,1,2,0,0,7364,8607,184,9491,9189,190,-2127,-582,-6,1,0,2,3,1,0,9225,10614,227,12053,12290,236,-2828,-1676,-9,1,0,3,4,1,0
LOLTMNT05_214298,complete,,LEC,2026,Summer,0,2026-07-25 17:35:44,2,16.14,10,Red,sup,Alvaro,oe:player:f5bf9bd732b85e4dcab5121e4769ae4,Movistar KOI,oe:team:4acc40654379b4da680be1bd3129dfa,1,Bard,Jayce,Syndra,Poppy,Ziggs,Vayne,,,,,,1634,0,0,3,3,6,17,0,0,0,0,1,0,1,0,0.2203,0.8446,,,,,,,,,,,,,,,,,,,,,0,0,,,,,,,,,,0,0,5667,208.0906,0.121766,428.8862,347.5153,0,55,2.0196,18,0.6610,23,133,4.8837,6578,2969,109.0208,0.0992917,6305,,,26,26,0,,,0.9547,2548,1941,8,2266,2401,15,282,-460,-7,0,1,0,0,0,0,3561,3217,14,3793,3348,18,-232,-131,-4,0,1,1,0,3,0,4850,4422,19,5014,5275,19,-164,-853,0,0,2,1,0,5,1,6137,6269,26,6446,7286,25,-309,-1017,1,0,3,2,0,6,1
LOLTMNT05_214340,complete,,LEC,2026,Summer,0,2026-07-26 14:44:51,1,16.14,1,Blue,top,Naak Nako,oe:player:370f639a8b838f1933c7232d8adae72,Team Vitality,oe:team:e8d8ae992fe72acb7adc7bfcee31dbb,1,Rumble,Akali,Poppy,Shen,Locke,Ambessa,,,,,,1649,0,1,2,2,4,19,0,0,0,0,0,0,0,0,0.1455,0.8369,,,,,,,,,,,,,,,,,,,,,0,0,,,,,,,,,,0,0,14404,524.0995,0.246441,668.4779,871.2189,5670,11,0.4002,1,0.0364,3,26,0.9460,10672,7032,255.8642,0.243462,10675,,,228,228,0,,,8.2959,3699,5224,100,3476,5621,99,223,-397,1,0,0,0,0,0,0,5936,8884,159,5305,9279,154,631,-395,5,0,0,0,0,1,0,7655,12002,204,7475,12544,204,180,-542,0,0,2,0,0,3,1,9936,14105,224,9899,17234,252,37,-3129,-28,1,2,2,1,9,2
LOLTMNT05_214340,complete,,LEC,2026,Summer,0,2026-07-26 14:44:51,1,16.14,2,Blue,jng,Lyncas,oe:player:ca9701f085966dfca32e31b1b1e9d55,Team Vitality,oe:team:e8d8ae992fe72acb7adc7bfcee31dbb,1,Wukong,Akali,Poppy,Shen,Locke,Ambessa,,,,,,1649,0,1,5,1,4,19,0,0,0,0,0,0,0,0,0.1455,0.8369,,,,,,,,,,,,,,,,,,,,,0,1,,,,,,,,,,0,0,7077,257.5015,0.121082,739.5755,602.1831,2634,6,0.2183,7,0.2547,3,29,1.0552,8927,5287,192.3711,0.18305,8658,,,180,34,146,,,6.5494,3386,3995,76,3401,4028,80,-15,-33,-4,0,0,0,0,0,0,4690,5678,105,5125,6542,120,-435,-864,-15,0,0,1,0,1,0,6294,7398,125,7348,9731,170,-1054,-2333,-45,1,1,2,0,2,0,8460,10147,173,9916,12943,199,-1456,-2796,-26,1,1,3,2,6,0
LOLTMNT05_214340,complete,,LEC,2026,Summer,0,2026-07-26 14:44:51,1,16.14,3,Blue,mid,FIESTA,oe:player:5ee64eb3feb02e60832a2265db54f71,Team Vitality,oe:team:e8d8ae992fe72acb7adc7bfcee31dbb,1,Syndra,Akali,Poppy,Shen,Locke,Ambessa,,,,,,1649,0,1,4,2,4,19,0,0,0,0,0,0,0,1,0.1455,0.8369,,,,,,,,,,,,,,,,,,,,,0,0,,,,,,,,,,0,0,15567,566.4160,0.266339,550.3335,259.6847,4895,12,0.4366,5,0.1819,4,27,0.9824,9968,6328,230.2486,0.219089,10210,,,246,246,0,,,8.9509,3668,5187,102,3505,4807,95,163,380,7,0,0,0,0,0,0,5184,7458,149,6261,7741,145,-1077,-283,4,0,0,1,3,0,0,7716,9899,192,8316,10459,197,-600,-560,-5,1,2,2,3,0,1,9216,11988,230,11000,14870,227,-1784,-2882,3,1,2,3,6,2,1
LOLTMNT05_214340,complete,,LEC,2026,Summer,0,2026-07-26 14:44:51,1,16.14,4,Blue,bot,Carzzy,oe:player:ec0c2b8d7630efba391c288765d4d7e,Team Vitality,oe:team:e8d8ae992fe72acb7adc7bfcee31dbb,1,Jhin,Akali,Poppy,Shen,Locke,Ambessa,,,,,,1649,0,1,3,2,4,19,0,0,0,0,0,0,0,0,0.1455,0.8369,,,,,,,,,,,,,,,,,,,,,0,0,,,,,,,,,,0,1,14991,545.4579,0.256484,403.4809,200.3032,2497,11,0.4002,4,0.1455,1,22,0.8005,10909,7269,264.4876,0.251667,10675,,,240,240,0,,,8.7326,3358,3901,91,3133,3425,82,225,476,9,0,0,0,0,0,0,4914,5715,131,5217,5757,137,-303,-42,-6,0,0,0,0,1,0,7907,8502,179,8493,8314,182,-586,188,-3,1,2,0,2,1,0,9937,10376,222,12115,12356,234,-2178,-1980,-12,1,2,2,5,5,0
LOLTMNT05_214340,complete,,LEC,2026,Summer,0,2026-07-26 14:44:51,1,16.14,5,Blue,sup,Fleshy,oe:player:10be1f35d8b5ea6babf916a6e7dd8a4,Team Vitality,oe:team:e8d8ae992fe72acb7adc7bfcee31dbb,1,Camille,Akali,Poppy,Shen,Locke,Ambessa,,,,,,1649,0,0,5,2,4,19,0,0,0,0,0,0,0,0,0.1455,0.8369,,,,,,,,,,,,,,,,,,,,,0,0,,,,,,,,,,0,0,6409,233.1959,0.109653,616.6283,469.9939,0,47,1.7101,20,0.7277,20,117,4.2571,6607,2967,107.9563,0.102732,6260,,,44,44,0,,,1.6010,2279,1801,18,2285,1926,17,-6,-125,1,0,0,0,0,0,0,3427,2794,29,3738,3415,30,-311,-621,-1,0,0,1,0,2,0,4714,4076,34,4988,4184,33,-274,-108,1,0,2,1,0,4,1,6073,5261,42,6548,7481,35,-475,-2220,7,0,2,4,0,11,1
LOLTMNT05_214340,complete,,LEC,2026,Summer,0,2026-07-26 14:44:51,1,16.14,6,Red,top,Myrwn,oe:player:ede24d5e0911d7a4f6ec514a67802ff,Movistar KOI,oe:team:4acc40654379b4da680be1bd3129dfa,0,Galio,Jayce,Orianna,Nocturne,Lucian,Anivia,,,,,,1649,1,1,2,12,19,4,0,0,0,0,1,0,1,0,0.6913,0.8369,,,,,,,,,,,,,,,,,,,,,0,0,,,,,,,,,,0,0,12356,449.5816,0.193896,677.1013,1278.3384,5098,15,0.5458,3,0.1092,5,40,1.4554,11506,7866,286.2098,0.190023,8575,,,277,277,0,,,10.0788,3476,5621,99,3699,5224,100,-223,397,-1,0,0,0,0,0,0,5305,9279,154,5936,8884,159,-631,395,-5,0,1,0,0,0,0,7475,12544,204,7655,12002,204,-180,542,0,0,3,1,0,2,0,9899,17234,252,9936,14105,224,-37,3129,28,1,9,2,1,2,2
LOLTMNT05_214340,complete,,LEC,2026,Summer,0,2026-07-26 14:44:51,1,16.14,7,Red,jng,Elyoya,oe:player:8a8f18e4b7d0f30c19c5fb99a526951,Movistar KOI,oe:team:4acc40654379b4da680be1bd3129dfa,0,Vi,Jayce,Orianna,Nocturne,Lucian,Anivia,,,,,,1649,1,3,0,9,19,4,0,0,0,0,0,0,0,0,0.6913,0.8369,,,,,,,,,,,,,,,,,,,,,1,0,,,,,,,,,,0,0,9350,340.2062,0.146724,754.6028,1025.4579,6192,14,0.5094,8,0.2911,10,59,2.1468,12200,8560,311.4615,0.206788,8950,,,207,10,197,,,7.5318,3401,4028,80,3386,3995,76,15,33,4,0,0,0,0,0,0,5125,6542,120,4690,5678,105,435,864,15,0,1,0,0,0,1,7348,9731,170,6294,7398,125,1054,2333,45,0,2,0,1,1,2,9916,12943,199,8460,10147,173,1456,2796,26,2,6,0,1,1,3
LOLTMNT05_214340,complete,,LEC,2026,Summer,0,2026-07-26 14:44:51,1,16.14,8,Red,mid,Jojopyun,oe:player:83eb62484689106807fcf5ad55b5479,Movistar KOI,oe:team:4acc40654379b4da680be1bd3129dfa,0,Cassiopeia,Jayce,Orianna,Nocturne,Lucian,Anivia,,,,,,1649,1,7,1,4,19,4,1,0,0,0,1,1,0,0,0.6913,0.8369,,,,,,,,,,,,,,,,,,,,,0,0,,,,,,,,,,0,0,21395,778.4718,0.335739,752.4196,721.0916,9936,14,0.5094,5,0.1819,5,30,1.0916,12940,9300,338.3869,0.224664,10375,,,258,250,8,,,9.3875,3505,4807,95,3668,5187,102,-163,-380,-7,0,0,0,0,0,0,6261,7741,145,5184,7458,149,1077,283,-4,3,0,0,0,0,1,8316,10459,197,7716,9899,192,600,560,5,3,0,1,1,2,2,11000,14870,227,9216,11988,230,1784,2882,-3,6,2,1,1,2,3
LOLTMNT05_214340,complete,,LEC,2026,Summer,0,2026-07-26 14:44:51,1,16.14,9,Red,bot,Supa,oe:player:1223a0ed2bfab9b714c72d965df8133,Movistar KOI,oe:team:4acc40654379b4da680be1bd3129dfa,0,Ezreal,Jayce,Orianna,Nocturne,Lucian,Anivia,,,,,,1649,1,8,0,5,19,4,1,0,0,0,0,0,0,0,0.6913,0.8369,,,,,,,,,,,,,,,,,,,,,0,0,,,,,,,,,,1,0,14925,543.0564,0.234209,345.0091,182.5106,14007,9,0.3275,8,0.2911,0,31,1.1280,15291,11651,423.9297,0.281455,11633,,,254,253,1,,,9.2420,3133,3425,82,3358,3901,91,-225,-476,-9,0,0,0,0,0,0,5217,5757,137,4914,5715,131,303,42,6,0,1,0,0,0,0,8493,8314,182,7907,8502,179,586,-188,3,2,1,0,1,2,0,12115,12356,234,9937,10376,222,2178,1980,12,5,5,0,1,2,2
LOLTMNT05_214340,complete,,LEC,2026,Summer,0,2026-07-26 14:44:51,1,16.14,10,Red,sup,Alvaro,oe:player:f5bf9bd732b85e4dcab5121e4769ae4,Movistar KOI,oe:team:4acc40654379b4da680be1bd3129dfa,0,Leona,Jayce,Orianna,Nocturne,Lucian,Anivia,,,,,,1649,1,0,1,13,19,4,0,0,0,0,0,0,0,0,0.6913,0.8369,,,,,,,,,,,,,,,,,,,,,0,0,,,,,,,,,,0,0,5699,207.3620,0.0894312,610.1152,523.6628,305,50,1.8193,13,0.4730,20,121,4.4027,7658,4018,146.1977,0.0970703,6260,,,37,37,0,,,1.3463,2285,1926,17,2279,1801,18,6,125,-1,0,0,0,0,0,0,3738,3415,30,3427,2794,29,311,621,1,0,2,0,0,0,1,4988,4184,33,4714,4076,34,274,108,-1,0,4,1,0,2,1,6548,7481,35,6073,5261,42,475,2220,-7,0,11,1,0,2,4
LOLTMNT05_213254,complete,,LEC,2026,Summer,0,2026-07-26 15:32:40,2,16.14,1,Blue,top,Myrwn,oe:player:ede24d5e0911d7a4f6ec514a67802ff,Movistar KOI,oe:team:4acc40654379b4da680be1bd3129dfa,1,Ambessa,Poppy,Jayce,Bard,Vayne,Locke,,,,,,1991,0,0,5,3,12,25,0,0,0,0,0,0,0,0,0.3616,1.1150,,,,,,,,,,,,,,,,,,,,,0,0,,,,,,,,,,0,0,14965,450.9794,0.151575,1001.2858,1859.2767,1255,17,0.5123,3,0.0904,6,49,1.4766,10101,5764,173.7017,0.155078,9400,,,247,239,8,,,7.4435,3337,5109,90,3734,5472,105,-397,-363,-15,0,1,0,0,0,0,4890,8409,127,5238,8548,152,-348,-139,-25,0,2,0,0,0,1,6826,11527,183,7925,12367,220,-1099,-840,-37,0,2,0,1,1,1,8278,14109,221,10817,16623,271,-2539,-2514,-50,0,2,1,2,2,1
LOLTMNT05_213254,complete,,LEC,2026,Summer,0,2026-07-26 15:32:40,2,16.14,2,Blue,jng,Elyoya,oe:player:8a8f18e4b7d0f30c19c5fb99a526951,Movistar KOI,oe:team:4acc40654379b4da680be1bd3129dfa,1,Lee Sin,Poppy,Jayce,Bard,Vayne,Locke,,,,,,1991,0,3,5,6,12,25,0,0,0,0,0,0,0,0,0.3616,1.1150,,,,,,,,,,,,,,,,,,,,,0,1,,,,,,,,,,0,0,11704,352.7072,0.118546,1190.6278,1213.7117,0,19,0.5726,6,0.1808,14,48,1.4465,11715,7378,222.3405,0.198504,11675,,,228,19,209,,,6.8709,3859,4468,79,3374,3935,76,485,533,3,1,3,0,0,0,0,5790,6615,117,5448,5961,109,342,654,8,2,3,1,1,2,0,8037,9744,158,7856,8718,141,181,1026,17,3,4,2,3,3,0,9358,11660,185,10368,11925,169,-1010,-265,16,3,4,3,4,6,0
LOLTMNT05_213254,complete,,LEC,2026,Summer,0,2026-07-26 15:32:40,2,16.14,3,Blue,mid,Jojopyun,oe:player:83eb62484689106807fcf5ad55b5479,Movistar KOI,oe:team:4acc40654379b4da680be1bd3129dfa,1,Viktor,Poppy,Jayce,Bard,Vayne,Locke,,,,,,1991,0,5,4,4,12,25,0,0,0,0,1,1,0,0,0.3616,1.1150,,,,,,,,,,,,,,,,,,,,,0,0,,,,,,,,,,0,1,41325,1245.3541,0.418566,1142.6218,1249.7840,11344,14,0.4219,6,0.1808,4,36,1.0849,15231,10894,328.2973,0.293105,15200,,,301,301,0,,,9.0708,4255,5010,91,3260,4378,82,995,632,9,2,2,0,0,0,4,6010,7409,136,5117,6503,112,893,906,24,2,3,1,1,1,4,9267,12116,194,6873,8870,153,2394,3246,41,3,3,2,1,2,5,10708,14141,230,8843,12152,192,1865,1989,38,3,3,3,1,4,5
LOLTMNT05_213254,complete,,LEC,2026,Summer,0,2026-07-26 15:32:40,2,16.14,4,Blue,bot,Supa,oe:player:1223a0ed2bfab9b714c72d965df8133,Movistar KOI,oe:team:4acc40654379b4da680be1bd3129dfa,1,Xayah,Poppy,Jayce,Bard,Vayne,Locke,,,,,,1991,0,2,5,4,12,25,0,0,0,0,0,0,0,0,0.3616,1.1150,,,,,,,,,,,,,,,,,,,,,0,1,,,,,,,,,,0,0,26369,794.6459,0.267082,787.8353,446.0673,4691,11,0.3315,7,0.2109,3,31,0.9342,13600,9263,279.1462,0.249221,12250,,,282,282,0,,,8.4982,3958,4049,95,3474,3609,83,484,440,12,1,1,0,1,0,2,5801,6298,140,6363,6262,135,-562,36,5,1,2,1,2,2,2,8554,8678,197,9365,8724,184,-811,-46,13,1,3,2,3,5,3,9996,10084,231,13227,11794,238,-3231,-1710,-7,1,3,3,5,7,3
LOLTMNT05_213254,complete,,LEC,2026,Summer,0,2026-07-26 15:32:40,2,16.14,5,Blue,sup,Alvaro,oe:player:f5bf9bd732b85e4dcab5121e4769ae4,Movistar KOI,oe:team:4acc40654379b4da680be1bd3129dfa,1,Rakan,Poppy,Jayce,Bard,Vayne,Locke,,,,,,1991,0,2,6,6,12,25,0,0,0,0,0,0,0,0,0.3616,1.1150,,,,,,,,,,,,,,,,,,,,,0,0,,,,,,,,,,0,1,4367,131.6022,0.0442317,770.5676,1010.1758,0,71,2.1396,17,0.5123,28,144,4.3395,8206,3869,116.5947,0.104092,7945,,,35,35,0,,,1.0547,2921,2521,19,2417,2493,16,504,28,3,2,1,1,0,1,0,4083,3307,25,3747,3584,23,336,-277,2,2,2,1,0,4,0,5432,5287,28,5736,5858,30,-304,-571,-2,2,4,3,1,8,0,6474,7029,32,7318,8710,31,-844,-1681,1,2,4,3,1,12,0
LOLTMNT05_213254,complete,,LEC,2026,Summer,0,2026-07-26 15:32:40,2,16.14,6,Red,top,Naak Nako,oe:player:370f639a8b838f1933c7232d8adae72,Team Vitality,oe:team:e8d8ae992fe72acb7adc7bfcee31dbb,0,Renekton,Nocturne,Nautilus,Naafiri,Akali,Ryze,,,,,,1991,1,3,2,9,25,12,0,0,0,0,0,0,0,0,0.7534,1.1150,,,,,,,,,,,,,,,,,,,,,0,0,,,,,,,,,,0,0,18959,571.3410,0.136689,1148.7393,1393.1391,10837,9,0.2712,3,0.0904,4,30,0.9041,14928,10591,319.1662,0.206003,12325,,,326,321,5,,,9.8242,3734,5472,105,3337,5109,90,397,363,15,0,0,0,0,1,0,5238,8548,152,4890,8409,127,348,139,25,0,0,1,0,2,0,7925,12367,220,6826,11527,183,1099,840,37,1,1,1,0,2,0,10817,16623,271,8278,14109,221,2539,2514,50,2,2,1,0,2,1
LOLTMNT05_213254,complete,,LEC,2026,Summer,0,2026-07-26 15:32:40,2,16.14,7,Red,jng,Lyncas,oe:player:ca9701f085966dfca32e31b1b1e9d55,Team Vitality,oe:team:e8d8ae992fe72acb7adc7bfcee31dbb,0,Pantheon,Nocturne,Nautilus,Naafiri,Akali,Ryze,,,,,,1991,1,5,0,13,25,12,0,0,0,0,0,0,0,0,0.7534,1.1150,,,,,,,,,,,,,,,,,,,,,1,0,,,,,,,,,,0,0,21777,656.2632,0.157006,922.7223,880.0804,2122,10,0.3014,15,0.4520,8,65,1.9588,13696,9359,282.0392,0.182039,12400,,,205,35,170,,,6.1778,3374,3935,76,3859,4468,79,-485,-533,-3,0,0,0,1,3,0,5448,5961,109,5790,6615,117,-342,-654,-8,1,2,0,2,3,1,7856,8718,141,8037,9744,158,-181,-1026,-17,3,3,0,3,4,2,10368,11925,169,9358,11660,185,1010,265,-16,4,6,0,3,4,3
LOLTMNT05_213254,complete,,LEC,2026,Summer,0,2026-07-26 15:32:40,2,16.14,8,Red,mid,FIESTA,oe:player:5ee64eb3feb02e60832a2265db54f71,Team Vitality,oe:team:e8d8ae992fe72acb7adc7bfcee31dbb,0,Orianna,Nocturne,Nautilus,Naafiri,Akali,Ryze,,,,,,1991,1,1,5,15,25,12,0,0,0,0,0,0,0,1,0.7534,1.1150,,,,,,,,,,,,,,,,,,,,,0,0,,,,,,,,,,1,0,33903,1021.6876,0.244431,849.0407,554.9473,6882,15,0.4520,7,0.2109,5,43,1.2958,12419,8082,243.5560,0.1572,11425,,,244,244,0,,,7.3531,3260,4378,82,4255,5010,91,-995,-632,-9,0,0,4,2,2,0,5117,6503,112,6010,7409,136,-893,-906,-24,1,1,4,2,3,1,6873,8870,153,9267,12116,194,-2394,-3246,-41,1,2,5,3,3,2,8843,12152,192,10708,14141,230,-1865,-1989,-38,1,4,5,3,3,3
LOLTMNT05_213254,complete,,LEC,2026,Summer,0,2026-07-26 15:32:40,2,16.14,9,Red,bot,Carzzy,oe:player:ec0c2b8d7630efba391c288765d4d7e,Team Vitality,oe:team:e8d8ae992fe72acb7adc7bfcee31dbb,0,Lucian,Nocturne,Nautilus,Naafiri,Akali,Ryze,,,,,,1991,1,14,5,9,25,12,2,1,0,0,0,0,0,0,0.7534,1.1150,,,,,,,,,,,,,,,,,,,,,1,0,,,,,,,,,,0,0,57094,1720.5625,0.411631,763.4555,684.2592,13824,10,0.3014,17,0.5123,0,48,1.4465,21376,17039,513.4807,0.331424,20650,,,326,309,17,,,9.8242,3474,3609,83,3958,4049,95,-484,-440,-12,1,0,2,1,1,0,6363,6262,135,5801,6298,140,562,-36,-5,2,2,2,1,2,1,9365,8724,184,8554,8678,197,811,46,-13,3,5,3,1,3,2,13227,11794,238,9996,10084,231,3231,1710,7,5,7,3,1,3,3
LOLTMNT05_213254,complete,,LEC,2026,Summer,0,2026-07-26 15:32:40,2,16.14,10,Red,sup,Fleshy,oe:player:10be1f35d8b5ea6babf916a6e7dd8a4,Team Vitality,oe:team:e8d8ae992fe72acb7adc7bfcee31dbb,0,Milio,Nocturne,Nautilus,Naafiri,Akali,Ryze,,,,,,1991,1,2,0,22,25,12,0,0,0,0,0,0,0,0,0.7534,1.1150,,,,,,,,,,,,,,,,,,,,,0,0,,,,,,,,,,1,0,6969,210.0151,0.0502444,339.3571,180.2109,1013,57,1.7177,20,0.6027,22,150,4.5203,10678,6341,191.0899,0.123335,9305,,,42,42,0,,,1.2657,2417,2493,16,2921,2521,19,-504,-28,-3,0,1,0,2,1,1,3747,3584,23,4083,3307,25,-336,277,-2,0,4,0,2,2,1,5736,5858,30,5432,5287,28,304,571,2,1,8,0,2,4,3,7318,8710,31,6474,7029,32,844,1681,-1,1,12,0,2,4,3
LOLTMNT05_214347,complete,,LEC,2026,Summer,0,2026-07-26 16:27:13,3,16.14,1,Blue,top,Myrwn,oe:player:ede24d5e0911d7a4f6ec514a67802ff,Movistar KOI,oe:team:4acc40654379b4da680be1bd3129dfa,0,Shen,Nocturne,Jayce,Locke,Ahri,Gnar,,,,,,2030,0,0,5,11,15,29,0,0,0,0,0,0,0,0,0.4433,1.3005,,,,,,,,,,,,,,,,,,,,,0,0,,,,,,,,,,0,0,16265,480.7389,0.200691,1239.1921,1161.1921,5558,16,0.4729,1,0.0296,6,32,0.9458,10641,6224,183.9606,0.161726,10625,,,226,222,4,,,6.6798,3038,4951,68,3488,4882,90,-450,69,-22,0,2,0,0,0,0,4435,7116,108,5087,8584,137,-652,-1468,-29,0,2,1,0,0,1,5932,10315,141,6696,11084,152,-764,-769,-11,0,6,2,0,4,3,7186,12298,171,8504,13259,166,-1318,-961,5,0,6,4,2,8,4
LOLTMNT05_214347,complete,,LEC,2026,Summer,0,2026-07-26 16:27:13,3,16.14,2,Blue,jng,Elyoya,oe:player:8a8f18e4b7d0f30c19c5fb99a526951,Movistar KOI,oe:team:4acc40654379b4da680be1bd3129dfa,0,Jarvan IV,Nocturne,Jayce,Locke,Ahri,Gnar,,,,,,2030,0,2,5,11,15,29,0,0,0,0,0,0,0,0,0.4433,1.3005,,,,,,,,,,,,,,,,,,,,,0,2,,,,,,,,,,0,0,14267,421.6847,0.176038,1090.8177,1077.9606,0,18,0.5320,14,0.4138,15,64,1.8916,11549,7132,210.7980,0.185319,11075,,,200,23,177,,,5.9113,3652,3953,71,3845,3430,70,-193,523,1,1,1,0,1,1,0,5518,6459,117,6027,6118,116,-509,341,1,1,2,0,2,1,0,7628,9895,154,9393,9474,163,-1765,421,-9,2,5,1,6,1,0,8884,11374,170,11610,12112,199,-2726,-738,-29,2,6,2,7,5,0
LOLTMNT05_214347,complete,,LEC,2026,Summer,0,2026-07-26 16:27:13,3,16.14,3,Blue,mid,Jojopyun,oe:player:83eb62484689106807fcf5ad55b5479,Movistar KOI,oe:team:4acc40654379b4da680be1bd3129dfa,0,Anivia,Nocturne,Jayce,Locke,Ahri,Gnar,,,,,,2030,0,2,7,5,15,29,0,0,0,0,0,0,0,0,0.4433,1.3005,,,,,,,,,,,,,,,,,,,,,0,0,,,,,,,,,,0,1,19978,590.4828,0.246505,1150.8768,472.3448,2101,18,0.5320,5,0.1478,6,40,1.1823,11795,7378,218.0690,0.191711,11000,,,264,245,19,,,7.8030,3085,4235,74,4172,4798,92,-1087,-563,-18,0,1,2,2,1,1,4503,6400,113,5623,6918,129,-1120,-518,-16,0,1,2,2,2,1,6192,9240,164,7804,9553,162,-1612,-313,2,0,3,3,3,5,3,7788,11168,202,10326,11623,190,-2538,-455,12,0,4,5,6,8,3
LOLTMNT05_214347,complete,,LEC,2026,Summer,0,2026-07-26 16:27:13,3,16.14,4,Blue,bot,Supa,oe:player:1223a0ed2bfab9b714c72d965df8133,Movistar KOI,oe:team:4acc40654379b4da680be1bd3129dfa,0,Kai'Sa,Nocturne,Jayce,Locke,Ahri,Gnar,,,,,,2030,0,9,5,5,15,29,2,0,0,0,0,0,0,0,0.4433,1.3005,,,,,,,,,,,,,,,,,,,,,0,0,,,,,,,,,,0,1,25111,742.1970,0.30984,784.1675,371.6453,2196,12,0.3547,11,0.3251,2,43,1.2709,17747,13330,393.9901,0.346365,17500,,,304,300,4,,,8.9852,3908,3791,91,3636,4530,98,272,-739,-7,1,1,0,0,1,0,6873,6675,159,6462,6958,158,411,-283,1,2,1,0,0,2,0,10969,9567,215,8738,9550,216,2231,17,-1,6,2,1,0,4,1,13106,11251,254,11051,11809,253,2055,-558,1,7,2,1,2,9,1
LOLTMNT05_214347,complete,,LEC,2026,Summer,0,2026-07-26 16:27:13,3,16.14,5,Blue,sup,Alvaro,oe:player:f5bf9bd732b85e4dcab5121e4769ae4,Movistar KOI,oe:team:4acc40654379b4da680be1bd3129dfa,0,Alistar,Nocturne,Jayce,Locke,Ahri,Gnar,,,,,,2030,0,2,7,8,15,29,0,0,0,0,0,0,0,1,0.4433,1.3005,,,,,,,,,,,,,,,,,,,,,0,0,,,,,,,,,,0,0,5424,160.3153,0.0669258,1071.7537,936.2956,0,76,2.2463,12,0.3547,28,131,3.8719,8838,4421,130.6700,0.114878,8575,,,32,32,0,,,0.9458,2262,2046,13,2463,2127,18,-201,-81,-5,0,1,1,0,2,1,3526,3273,23,4098,3248,26,-572,25,-3,0,2,1,0,3,1,5285,5563,28,5304,4414,28,-19,1149,0,1,5,2,0,5,2,6272,5811,30,6776,6626,34,-504,-815,-4,1,5,5,0,13,2
LOLTMNT05_214347,complete,,LEC,2026,Summer,0,2026-07-26 16:27:13,3,16.14,6,Red,top,Naak Nako,oe:player:370f639a8b838f1933c7232d8adae72,Team Vitality,oe:team:e8d8ae992fe72acb7adc7bfcee31dbb,1,K'Sante,Poppy,Akali,Skarner,Vayne,Neeko,,,,,,2030,1,4,4,15,29,15,1,0,0,0,0,0,0,0,0.8571,1.3005,,,,,,,,,,,,,,,,,,,,,0,0,,,,,,,,,,0,0,25558,755.4089,0.160457,1162.7882,2177.7635,5576,14,0.4138,5,0.1478,5,47,1.3892,13721,9304,274.9951,0.18667,11725,,,230,230,0,,,6.7980,3488,4882,90,3038,4951,68,450,-69,22,0,0,0,0,2,0,5087,8584,137,4435,7116,108,652,1468,29,0,0,1,0,2,1,6696,11084,152,5932,10315,141,764,769,11,0,4,3,0,6,2,8504,13259,166,7186,12298,171,1318,961,-5,2,8,4,0,6,4
LOLTMNT05_214347,complete,,LEC,2026,Summer,0,2026-07-26 16:27:13,3,16.14,7,Red,jng,Lyncas,oe:player:ca9701f085966dfca32e31b1b1e9d55,Team Vitality,oe:team:e8d8ae992fe72acb7adc7bfcee31dbb,1,Naafiri,Poppy,Akali,Skarner,Vayne,Neeko,,,,,,2030,1,11,0,8,29,15,2,0,0,0,1,1,0,0,0.8571,1.3005,,,,,,,,,,,,,,,,,,,,,2,0,,,,,,,,,,0,0,29122,860.7488,0.182832,940.6700,1103.8227,2820,8,0.2365,11,0.3251,6,51,1.5074,16307,11890,351.4286,0.238553,13400,,,244,35,209,,,7.2118,3845,3430,70,3652,3953,71,193,-523,-1,1,1,0,1,1,0,6027,6118,116,5518,6459,117,509,-341,-1,2,1,0,1,2,0,9393,9474,163,7628,9895,154,1765,-421,9,6,1,0,2,5,1,11610,12112,199,8884,11374,170,2726,738,29,7,5,0,2,6,2
LOLTMNT05_214347,complete,,LEC,2026,Summer,0,2026-07-26 16:27:13,3,16.14,8,Red,mid,FIESTA,oe:player:5ee64eb3feb02e60832a2265db54f71,Team Vitality,oe:team:e8d8ae992fe72acb7adc7bfcee31dbb,1,Hwei,Poppy,Akali,Skarner,Vayne,Neeko,,,,,,2030,1,7,4,14,29,15,0,0,0,0,1,0,1,0,0.8571,1.3005,,,,,,,,,,,,,,,,,,,,,0,0,,,,,,,,,,1,0,44099,1303.4187,0.276859,623.2906,466.0197,11604,17,0.5025,8,0.2365,8,45,1.3300,14442,10025,296.3054,0.201136,12635,,,234,230,4,,,6.9163,4172,4798,92,3085,4235,74,1087,563,18,2,1,1,0,1,2,5623,6918,129,4503,6400,113,1120,518,16,2,2,1,0,1,2,7804,9553,162,6192,9240,164,1612,313,-2,3,5,3,0,3,3,10326,11623,190,7788,11168,202,2538,455,-12,6,8,3,0,4,5
LOLTMNT05_214347,complete,,LEC,2026,Summer,0,2026-07-26 16:27:13,3,16.14,9,Red,bot,Carzzy,oe:player:ec0c2b8d7630efba391c288765d4d7e,Team Vitality,oe:team:e8d8ae992fe72acb7adc7bfcee31dbb,1,Ziggs,Poppy,Akali,Skarner,Vayne,Neeko,,,,,,2030,1,7,3,13,29,15,0,0,0,0,1,0,1,0,0.8571,1.3005,,,,,,,,,,,,,,,,,,,,,0,0,,,,,,,,,,1,0,51051,1508.8966,0.320505,439.1823,257.9704,14285,16,0.4729,17,0.5025,5,49,1.4483,17026,12609,372.6798,0.252978,14125,,,296,294,2,,,8.7488,3636,4530,98,3908,3791,91,-272,739,7,0,1,0,1,1,0,6462,6958,158,6873,6675,159,-411,283,-1,0,2,0,2,1,0,8738,9550,216,10969,9567,215,-2231,-17,1,0,4,1,6,2,1,11051,11809,253,13106,11251,254,-2055,558,-1,2,9,1,7,2,1
LOLTMNT05_214347,complete,,LEC,2026,Summer,0,2026-07-26 16:27:13,3,16.14,10,Red,sup,Fleshy,oe:player:10be1f35d8b5ea6babf916a6e7dd8a4,Team Vitality,oe:team:e8d8ae992fe72acb7adc7bfcee31dbb,1,Rell,Poppy,Akali,Skarner,Vayne,Neeko,,,,,,2030,1,0,4,23,29,15,0,0,0,0,1,0,1,0,0.8571,1.3005,,,,,,,,,,,,,,,,,,,,,0,0,,,,,,,,,,0,0,9453,279.3990,0.0593472,589.4187,889.3300,3017,63,1.8621,31,0.9163,26,166,4.9064,10431,6014,177.7537,0.120663,10080,,,46,46,0,,,1.3596,2463,2127,18,2262,2046,13,201,81,5,0,2,1,0,1,1,4098,3248,26,3526,3273,23,572,-25,3,0,3,1,0,2,1,5304,4414,28,5285,5563,28,19,-1149,0,0,5,2,1,5,2,6776,6626,34,6272,5811,30,504,815,4,0,13,2,1,5,5
LOLTMNT05_214361,complete,,LEC,2026,Summer,0,2026-07-26 17:38:42,1,16.14,1,Blue,top,BrokenBlade,oe:player:84bff3a326833c7c9181c698f676878,G2 Esports,oe:team:7d6673d3a9d00363c6bebc1a630da6e,1,K'Sante,Cassiopeia,Nocturne,Poppy,Shen,Ziggs,,,,,,1872,0,3,3,1,6,19,0,0,0,0,1,1,0,0,0.1923,0.8013,,,,,,,,,,,,,,,,,,,,,0,0,,,,,,,,,,0,1,11078,355.0641,0.211408,692.1154,1003.5577,9605,13,0.4167,9,0.2885,6,42,1.3462,12216,8122,260.3205,0.242509,11250,,,283,283,0,,,9.0705,3932,4995,86,3335,5007,84,597,-12,2,1,0,0,0,0,1,6002,8641,141,5071,8512,135,931,129,6,1,0,1,0,1,1,7613,11370,186,7797,12777,197,-184,-1407,-11,1,0,1,1,2,1,9894,14424,222,9876,16321,224,18,-1897,-2,3,1,2,2,6,1
LOLTMNT05_214361,complete,,LEC,2026,Summer,0,2026-07-26 17:38:42,1,16.14,2,Blue,jng,SkewMond,oe:player:ab15060e5225b51592cd04b3aed1e09,G2 Esports,oe:team:7d6673d3a9d00363c6bebc1a630da6e,1,Jarvan IV,Cassiopeia,Nocturne,Poppy,Shen,Ziggs,,,,,,1872,0,1,4,3,6,19,0,0,0,0,1,0,1,0,0.1923,0.8013,,,,,,,,,,,,,,,,,,,,,0,1,,,,,,,,,,0,0,9136,292.8205,0.174348,772.8526,896.0256,1308,10,0.3205,16,0.5128,9,65,2.0833,11051,6957,222.9808,0.207722,10175,,,231,32,199,,,7.4038,3732,4544,84,3600,4510,85,132,34,-1,0,1,0,0,0,0,5492,6808,122,5111,6564,117,381,244,5,0,2,1,0,1,1,7420,9710,170,7093,9190,157,327,520,13,0,2,1,0,3,1,9245,11356,194,10098,12167,189,-853,-811,5,1,3,3,3,5,3
LOLTMNT05_214361,complete,,LEC,2026,Summer,0,2026-07-26 17:38:42,1,16.14,3,Blue,mid,Caps,oe:player:55dd587cdc4a278be6a5c37f9e539de,G2 Esports,oe:team:7d6673d3a9d00363c6bebc1a630da6e,1,Ahri,Cassiopeia,Nocturne,Poppy,Shen,Ziggs,,,,,,1872,0,1,4,4,6,19,0,0,0,0,0,0,0,0,0.1923,0.8013,,,,,,,,,,,,,,,,,,,,,0,0,,,,,,,,,,0,0,18180,582.6923,0.34694,615.7051,267.6603,1389,7,0.2244,9,0.2885,4,34,1.0897,11149,7055,226.1218,0.210648,11000,,,291,291,0,,,9.3269,3503,5049,101,3584,4777,98,-81,272,3,0,0,0,0,0,0,5463,7896,154,5934,7869,142,-471,27,12,1,0,0,2,0,0,7445,10715,208,7789,10480,180,-344,235,28,1,0,1,2,3,0,8898,12348,232,10146,14434,224,-1248,-2086,8,1,4,3,2,7,0
LOLTMNT05_214361,complete,,LEC,2026,Summer,0,2026-07-26 17:38:42,1,16.14,4,Blue,bot,Hans Sama,oe:player:c62a5235ad6bc113a1e64eb0e9aa8c8,G2 Esports,oe:team:7d6673d3a9d00363c6bebc1a630da6e,1,Syndra,Cassiopeia,Nocturne,Poppy,Shen,Ziggs,,,,,,1872,0,1,3,0,6,19,0,0,0,0,0,0,0,0,0.1923,0.8013,,,,,,,,,,,,,,,,,,,,,0,0,,,,,,,,,,0,0,9947,318.8141,0.189825,460.0962,215.9295,3575,17,0.5449,6,0.1923,7,41,1.3141,12305,8211,263.1731,0.245166,11925,,,299,299,0,,,9.5833,3413,4337,95,3258,4049,83,155,288,12,0,0,0,0,0,0,5680,6091,138,5778,6829,146,-98,-738,-8,0,0,0,0,0,0,7971,8247,193,8844,9732,210,-873,-1485,-17,0,0,1,2,0,0,9944,10657,241,12538,13852,255,-2594,-3195,-14,1,0,2,6,2,0
LOLTMNT05_214361,complete,,LEC,2026,Summer,0,2026-07-26 17:38:42,1,16.14,5,Blue,sup,Labrov,oe:player:bb6ac5763c6576e104a7a2f59eb4ddf,G2 Esports,oe:team:7d6673d3a9d00363c6bebc1a630da6e,1,Leona,Cassiopeia,Nocturne,Poppy,Shen,Ziggs,,,,,,1872,0,0,5,4,6,19,0,0,0,0,0,0,0,0,0.1923,0.8013,,,,,,,,,,,,,,,,,,,,,0,0,,,,,,,,,,0,0,4060,130.1282,0.0774794,622.2436,595.9295,576,49,1.5705,20,0.6410,24,129,4.1346,7241,3147,100.8654,0.0939551,6790,,,36,36,0,,,1.1538,2346,2026,15,2217,2383,14,129,-357,1,0,0,0,0,0,0,3627,3654,20,3248,3341,21,379,313,-1,0,1,0,0,1,0,4714,4949,25,4491,4756,23,223,193,2,0,1,1,0,3,0,6017,5981,32,5969,6260,29,48,-279,3,0,4,3,0,6,2
LOLTMNT05_214361,complete,,LEC,2026,Summer,0,2026-07-26 17:38:42,1,16.14,6,Red,top,Canna,oe:player:7577c239c73fa5f3011cd7b5503e75e,Karmine Corp,oe:team:f3aa9bbd924ce3af42ac53f8326bc7c,0,Jayce,Locke,Orianna,Vi,Olaf,Ezreal,,,,,,1872,1,5,1,7,19,6,0,0,0,0,0,0,0,1,0.6090,0.8013,,,,,,,,,,,,,,,,,,,,,0,0,,,,,,,,,,1,0,20081,643.6218,0.250305,340.3205,255.8013,19246,18,0.5769,9,0.2885,6,47,1.5064,14391,10297,330.0321,0.233897,11800,,,286,276,10,,,9.1667,3335,5007,84,3932,4995,86,-597,12,-2,0,0,1,1,0,0,5071,8512,135,6002,8641,141,-931,-129,-6,0,1,1,1,0,1,7797,12777,197,7613,11370,186,184,1407,11,1,2,1,1,0,1,9876,16321,224,9894,14424,222,-18,1897,2,2,6,1,3,1,2
LOLTMNT05_214361,complete,,LEC,2026,Summer,0,2026-07-26 17:38:42,1,16.14,7,Red,jng,Yike,oe:player:4203fc46c4c6333e9bfa9d0a8618677,Karmine Corp,oe:team:f3aa9bbd924ce3af42ac53f8326bc7c,0,Lee Sin,Locke,Orianna,Vi,Olaf,Ezreal,,,,,,1872,1,3,3,8,19,6,0,0,0,0,0,0,0,0,0.6090,0.8013,,,,,,,,,,,,,,,,,,,,,1,0,,,,,,,,,,0,0,10285,329.6474,0.1282,965.7051,1170.4487,1168,19,0.6090,3,0.0962,7,46,1.4744,12652,8558,274.2949,0.194394,11225,,,235,8,227,,,7.5321,3600,4510,85,3732,4544,84,-132,-34,1,0,0,0,0,1,0,5111,6564,117,5492,6808,122,-381,-244,-5,0,1,1,0,2,1,7093,9190,157,7420,9710,170,-327,-520,-13,0,3,1,0,2,1,10098,12167,189,9245,11356,194,853,811,-5,3,5,3,1,3,3
LOLTMNT05_214361,complete,,LEC,2026,Summer,0,2026-07-26 17:38:42,1,16.14,8,Red,mid,kyeahoo,oe:player:308e48bf56284c09a1a9aadf55bc80c,Karmine Corp,oe:team:f3aa9bbd924ce3af42ac53f8326bc7c,0,Sylas,Locke,Orianna,Vi,Olaf,Ezreal,,,,,,1872,1,4,0,11,19,6,1,0,0,0,0,0,0,0,0.6090,0.8013,,,,,,,,,,,,,,,,,,,,,0,0,,,,,,,,,,0,0,20982,672.5000,0.261536,766.8269,569.1346,6055,8,0.2564,4,0.1282,4,33,1.0577,13640,9546,305.9615,0.216837,11200,,,284,284,0,,,9.1026,3584,4777,98,3503,5049,101,81,-272,-3,0,0,0,0,0,0,5934,7869,142,5463,7896,154,471,-27,-12,2,0,0,1,0,0,7789,10480,180,7445,10715,208,344,-235,-28,2,3,0,1,0,1,10146,14434,224,8898,12348,232,1248,2086,-8,2,7,0,1,4,3
LOLTMNT05_214361,complete,,LEC,2026,Summer,0,2026-07-26 17:38:42,1,16.14,9,Red,bot,Caliste,oe:player:e2af2b779499aa25ab9a9c10c9a5ffd,Karmine Corp,oe:team:f3aa9bbd924ce3af42ac53f8326bc7c,0,Viktor,Locke,Orianna,Vi,Olaf,Ezreal,,,,,,1872,1,6,0,4,19,6,1,0,0,0,0,0,0,0,0.6090,0.8013,,,,,,,,,,,,,,,,,,,,,0,0,,,,,,,,,,0,0,24300,778.8462,0.302894,324.0064,366.3782,10705,15,0.4808,10,0.3205,2,45,1.4423,15589,11495,368.4295,0.261111,14000,,,322,314,8,,,10.3205,3258,4049,83,3413,4337,95,-155,-288,-12,0,0,0,0,0,0,5778,6829,146,5680,6091,138,98,738,8,0,0,0,0,0,0,8844,9732,210,7971,8247,193,873,1485,17,2,0,0,0,0,1,12538,13852,255,9944,10657,241,2594,3195,14,6,2,0,1,0,2
LOLTMNT05_214361,complete,,LEC,2026,Summer,0,2026-07-26 17:38:42,1,16.14,10,Red,sup,Busio,oe:player:3e722c8ede909c83af9342c41805a16,Karmine Corp,oe:team:f3aa9bbd924ce3af42ac53f8326bc7c,0,Rell,Locke,Orianna,Vi,Olaf,Ezreal,,,,,,1872,1,1,2,10,19,6,0,0,0,0,0,0,0,0,0.6090,0.8013,,,,,,,,,,,,,,,,,,,,,0,0,,,,,,,,,,0,0,4578,146.7308,0.0570638,345.4487,455.0321,397,64,2.0513,11,0.3526,21,127,4.0705,8222,4128,132.3077,0.0937612,6340,,,33,33,0,,,1.0577,2217,2383,14,2346,2026,15,-129,357,-1,0,0,0,0,0,0,3248,3341,21,3627,3654,20,-379,-313,1,0,1,0,0,1,0,4491,4756,23,4714,4949,25,-223,-193,-2,0,3,0,0,1,1,5969,6260,29,6017,5981,32,-48,279,-3,0,6,2,0,4,3
LOLTMNT05_214365,complete,,LEC,2026,Summer,0,2026-07-26 18:38:08,2,16.14,1,Blue,top,Canna,oe:player:7577c239c73fa5f3011cd7b5503e75e,Karmine Corp,oe:team:f3aa9bbd924ce3af42ac53f8326bc7c,1,Renekton,Locke,Poppy,Anivia,Vayne,Gnar,,,,,,2101,0,1,4,3,9,19,0,0,0,0,0,0,0,0,0.2570,0.7996,,,,,,,,,,,,,,,,,,,,,0,0,,,,,,,,,,0,0,27616,788.6530,0.297167,1285.6164,1303.4365,6483,18,0.5140,17,0.4855,5,55,1.5707,11975,7413,211.6992,0.170721,12075,,,289,285,4,,,8.2532,3313,5087,89,3769,5392,90,-456,-305,-1,0,0,1,1,0,0,4916,8119,132,6056,8965,129,-1140,-846,3,0,1,2,3,2,1,7208,11676,177,8124,12571,186,-916,-895,-9,1,2,2,3,3,2,9276,15042,233,10210,16024,238,-934,-982,-5,1,3,2,3,5,2
LOLTMNT05_214365,complete,,LEC,2026,Summer,0,2026-07-26 18:38:08,2,16.14,2,Blue,jng,Yike,oe:player:4203fc46c4c6333e9bfa9d0a8618677,Karmine Corp,oe:team:f3aa9bbd924ce3af42ac53f8326bc7c,1,Qiyana,Locke,Poppy,Anivia,Vayne,Gnar,,,,,,2101,0,2,5,2,9,19,0,0,0,0,1,1,0,0,0.2570,0.7996,,,,,,,,,,,,,,,,,,,,,0,2,,,,,,,,,,0,3,15538,443.7316,0.167199,627.9296,294.4027,0,11,0.3141,12,0.3427,9,58,1.6564,14167,9605,274.2980,0.2212,13375,,,260,54,206,,,7.4250,4048,3869,71,4110,3996,80,-62,-127,-9,1,0,1,2,1,0,5981,6488,114,5953,6407,121,28,81,-7,1,1,2,2,2,0,8816,9302,161,8356,9177,162,460,125,-1,2,1,2,3,3,0,10805,11643,199,11054,13553,217,-249,-1910,-18,2,2,3,4,4,0
LOLTMNT05_214365,complete,,LEC,2026,Summer,0,2026-07-26 18:38:08,2,16.14,3,Blue,mid,kyeahoo,oe:player:308e48bf56284c09a1a9aadf55bc80c,Karmine Corp,oe:team:f3aa9bbd924ce3af42ac53f8326bc7c,1,Orianna,Locke,Poppy,Anivia,Vayne,Gnar,,,,,,2101,0,2,4,5,9,19,0,0,0,0,1,0,1,0,0.2570,0.7996,,,,,,,,,,,,,,,,,,,,,0,0,,,,,,,,,,0,0,20568,587.3774,0.221326,554.3360,334.2694,5696,16,0.4569,7,0.1999,5,40,1.1423,13845,9283,265.1023,0.213785,12775,,,281,281,0,,,8.0248,3667,4720,95,3731,4724,90,-64,-4,5,0,1,0,1,1,1,6040,7083,140,6801,7814,146,-761,-731,-6,1,1,1,2,3,1,7906,9462,181,8835,10376,187,-929,-914,-6,1,2,2,3,3,2,9718,12674,200,10696,13090,215,-978,-416,-15,2,3,3,4,4,4
LOLTMNT05_214365,complete,,LEC,2026,Summer,0,2026-07-26 18:38:08,2,16.14,4,Blue,bot,Caliste,oe:player:e2af2b779499aa25ab9a9c10c9a5ffd,Karmine Corp,oe:team:f3aa9bbd924ce3af42ac53f8326bc7c,1,Kai'Sa,Locke,Poppy,Anivia,Vayne,Gnar,,,,,,2101,0,4,2,2,9,19,0,0,0,0,0,0,0,0,0.2570,0.7996,,,,,,,,,,,,,,,,,,,,,0,0,,,,,,,,,,0,0,24963,712.8891,0.268619,727.7963,367.0538,6154,17,0.4855,6,0.1713,4,38,1.0852,18677,14115,403.0938,0.32506,17900,,,420,408,12,,,11.9943,3322,3972,80,3875,4664,96,-553,-692,-16,0,0,1,0,1,0,5992,6575,133,6195,7195,152,-203,-620,-19,0,0,1,0,1,0,8849,10353,214,8569,10204,219,280,149,-5,0,1,1,0,1,0,12285,13508,277,11514,13463,263,771,45,14,2,2,2,1,2,0
LOLTMNT05_214365,complete,,LEC,2026,Summer,0,2026-07-26 18:38:08,2,16.14,5,Blue,sup,Busio,oe:player:3e722c8ede909c83af9342c41805a16,Karmine Corp,oe:team:f3aa9bbd924ce3af42ac53f8326bc7c,1,Nautilus,Locke,Poppy,Anivia,Vayne,Gnar,,,,,,2101,0,0,4,2,9,19,0,0,0,0,0,0,0,0,0.2570,0.7996,,,,,,,,,,,,,,,,,,,,,0,0,,,,,,,,,,0,0,4246,121.2565,0.0456898,504.3313,659.1433,0,72,2.0562,11,0.3141,21,140,3.9981,7568,3006,85.8448,0.069233,7330,,,26,26,0,,,0.7425,2376,2203,11,2479,1699,11,-103,504,0,0,0,1,0,2,0,3556,2980,21,4120,3449,17,-564,-469,4,0,0,2,1,4,0,4541,4828,21,5720,4468,22,-1179,360,-1,0,0,3,1,6,0,5697,6224,22,7388,7129,30,-1691,-905,-8,0,2,3,1,9,1
LOLTMNT05_214365,complete,,LEC,2026,Summer,0,2026-07-26 18:38:08,2,16.14,6,Red,top,BrokenBlade,oe:player:84bff3a326833c7c9181c698f676878,G2 Esports,oe:team:7d6673d3a9d00363c6bebc1a630da6e,0,Kled,Vi,Nocturne,Rumble,Wukong,Skarner,,,,,,2101,1,4,2,8,19,9,0,0,0,0,0,0,0,0,0.5426,0.7996,,,,,,,,,,,,,,,,,,,,,0,0,,,,,,,,,,0,0,26728,763.2937,0.257007,1235.6973,1260.3998,10440,20,0.5712,17,0.4855,8,89,2.5416,15092,10530,300.7139,0.207132,14250,,,330,322,8,,,9.4241,3769,5392,90,3313,5087,89,456,305,1,1,0,0,0,0,1,6056,8965,129,4916,8119,132,1140,846,-3,3,2,1,0,1,2,8124,12571,186,7208,11676,177,916,895,9,3,3,2,1,2,2,10210,16024,238,9276,15042,233,934,982,5,3,5,2,1,3,2
LOLTMNT05_214365,complete,,LEC,2026,Summer,0,2026-07-26 18:38:08,2,16.14,7,Red,jng,SkewMond,oe:player:ab15060e5225b51592cd04b3aed1e09,G2 Esports,oe:team:7d6673d3a9d00363c6bebc1a630da6e,0,Naafiri,Vi,Nocturne,Rumble,Wukong,Skarner,,,,,,2101,1,5,0,8,19,9,0,0,0,0,0,0,0,0,0.5426,0.7996,,,,,,,,,,,,,,,,,,,,,2,0,,,,,,,,,,3,0,19376,553.3365,0.186313,606.7968,1123.6078,4105,13,0.3713,15,0.4284,11,75,2.1418,16291,11729,334.9548,0.230717,15125,,,304,56,248,,,8.6816,4110,3996,80,4048,3869,71,62,127,9,2,1,0,1,0,1,5953,6407,121,5981,6488,114,-28,-81,7,2,2,0,1,1,2,8356,9177,162,8816,9302,161,-460,-125,1,3,3,0,2,1,2,11054,13553,217,10805,11643,199,249,1910,18,4,4,0,2,2,3
LOLTMNT05_214365,complete,,LEC,2026,Summer,0,2026-07-26 18:38:08,2,16.14,8,Red,mid,Caps,oe:player:55dd587cdc4a278be6a5c37f9e539de,G2 Esports,oe:team:7d6673d3a9d00363c6bebc1a630da6e,0,Akali,Vi,Nocturne,Rumble,Wukong,Skarner,,,,,,2101,1,5,5,4,19,9,0,0,0,0,0,0,0,1,0.5426,0.7996,,,,,,,,,,,,,,,,,,,,,0,0,,,,,,,,,,0,0,15257,435.7068,0.146706,757.3251,561.7040,9617,11,0.3141,6,0.1713,6,43,1.2280,14238,9676,276.3256,0.190334,13500,,,278,274,4,,,7.9391,3731,4724,90,3667,4720,95,64,4,-5,1,1,1,0,1,0,6801,7814,146,6040,7083,140,761,731,6,2,3,1,1,1,1,8835,10376,187,7906,9462,181,929,914,6,3,3,2,1,2,2,10696,13090,215,9718,12674,200,978,416,15,4,4,4,2,3,3
LOLTMNT05_214365,complete,,LEC,2026,Summer,0,2026-07-26 18:38:08,2,16.14,9,Red,bot,Hans Sama,oe:player:c62a5235ad6bc113a1e64eb0e9aa8c8,G2 Esports,oe:team:7d6673d3a9d00363c6bebc1a630da6e,0,Ziggs,Vi,Nocturne,Rumble,Wukong,Skarner,,,,,,2101,1,4,0,5,19,9,1,0,0,0,0,0,0,0,0.5426,0.7996,,,,,,,,,,,,,,,,,,,,,0,0,,,,,,,,,,0,0,35342,1009.2908,0.339837,232.8034,191.2803,15744,22,0.6283,4,0.1142,11,41,1.1709,17865,13303,379.9048,0.261677,16525,,,346,340,6,,,9.8810,3875,4664,96,3322,3972,80,553,692,16,0,1,0,0,0,1,6195,7195,152,5992,6575,133,203,620,19,0,1,0,0,0,1,8569,10204,219,8849,10353,214,-280,-149,5,0,1,0,0,1,1,11514,13463,263,12285,13508,277,-771,-45,-14,1,2,0,2,2,2
LOLTMNT05_214365,complete,,LEC,2026,Summer,0,2026-07-26 18:38:08,2,16.14,10,Red,sup,Labrov,oe:player:bb6ac5763c6576e104a7a2f59eb4ddf,G2 Esports,oe:team:7d6673d3a9d00363c6bebc1a630da6e,0,Shen,Vi,Nocturne,Rumble,Wukong,Skarner,,,,,,2101,1,1,2,12,19,9,0,0,0,0,0,0,0,0,0.5426,0.7996,,,,,,,,,,,,,,,,,,,,,0,0,,,,,,,,,,0,0,7294,208.3008,0.0701366,679.0481,993.1556,2562,65,1.8563,23,0.6568,32,161,4.5978,10161,5599,159.8953,0.110139,9830,,,35,35,0,,,0.9995,2479,1699,11,2376,2203,11,103,-504,0,0,2,0,0,0,1,4120,3449,17,3556,2980,21,564,469,-4,1,4,0,0,0,2,5720,4468,22,4541,4828,21,1179,-360,1,1,6,0,0,0,3,7388,7129,30,5697,6224,22,1691,905,8,1,9,1,0,2,3
LOLTMNT05_214367,complete,,LEC,2026,Summer,0,2026-07-26 19:35:10,3,16.14,1,Blue,top,BrokenBlade,oe:player:84bff3a326833c7c9181c698f676878,G2 Esports,oe:team:7d6673d3a9d00363c6bebc1a630da6e,1,Anivia,Poppy,Nocturne,Rumble,Vayne,Trundle,,,,,,2631,0,3,6,5,21,27,0,0,0,0,0,0,0,0,0.4789,1.0946,,,,,,,,,,,,,,,,,,,,,0,0,,,,,,,,,,0,1,23699,540.4561,0.194855,988.3694,661.5507,8701,27,0.6157,12,0.2737,11,83,1.8928,15855,10212,232.8848,0.180103,15775,,,325,321,4,,,7.4116,3248,5224,87,3694,5267,81,-446,-43,6,0,0,1,1,0,0,4990,9180,138,5653,9004,131,-663,176,7,0,0,1,1,1,0,7256,12322,193,7851,12359,195,-595,-37,-2,0,1,1,1,1,0,9555,17490,232,10049,15578,255,-494,1912,-23,1,2,2,1,2,1
LOLTMNT05_214367,complete,,LEC,2026,Summer,0,2026-07-26 19:35:10,3,16.14,2,Blue,jng,SkewMond,oe:player:ab15060e5225b51592cd04b3aed1e09,G2 Esports,oe:team:7d6673d3a9d00363c6bebc1a630da6e,1,Olaf,Poppy,Nocturne,Rumble,Vayne,Trundle,,,,,,2631,0,5,3,8,21,27,1,0,0,0,0,0,0,0,0.4789,1.0946,,,,,,,,,,,,,,,,,,,,,2,2,,,,,,,,,,0,1,31768,724.4698,0.261198,1063.5804,1859.1106,4281,17,0.3877,24,0.5473,16,110,2.5086,17130,11487,261.9612,0.202589,16850,,,278,44,234,,,6.3398,3528,3390,61,3652,3882,73,-124,-492,-12,1,2,0,1,0,0,5881,6245,98,5889,6157,108,-8,88,-10,3,2,0,3,0,1,8180,9232,142,7700,8364,150,480,868,-8,3,3,0,3,0,2,10472,12636,180,9484,11894,185,988,742,-5,3,6,0,3,2,2
LOLTMNT05_214367,complete,,LEC,2026,Summer,0,2026-07-26 19:35:10,3,16.14,3,Blue,mid,Caps,oe:player:55dd587cdc4a278be6a5c37f9e539de,G2 Esports,oe:team:7d6673d3a9d00363c6bebc1a630da6e,1,Galio,Poppy,Nocturne,Rumble,Vayne,Trundle,,,,,,2631,0,0,7,6,21,27,0,0,0,0,0,0,0,0,0.4789,1.0946,,,,,,,,,,,,,,,,,,,,,0,0,,,,,,,,,,0,0,10584,241.3683,0.0870223,1053.1129,1594.1391,3092,11,0.2509,12,0.2737,9,64,1.4595,14345,8702,198.4493,0.153472,13575,,,323,322,1,,,7.3660,3123,4914,84,3551,5017,100,-428,-103,-16,0,0,0,0,0,0,4718,7346,125,4972,7039,141,-254,307,-16,0,1,2,0,0,1,6253,9704,168,6919,10151,198,-666,-447,-30,0,2,2,0,0,1,7786,12216,192,8778,14223,235,-992,-2007,-43,0,3,3,1,1,2
LOLTMNT05_214367,complete,,LEC,2026,Summer,0,2026-07-26 19:35:10,3,16.14,4,Blue,bot,Hans Sama,oe:player:c62a5235ad6bc113a1e64eb0e9aa8c8,G2 Esports,oe:team:7d6673d3a9d00363c6bebc1a630da6e,1,Lucian,Poppy,Nocturne,Rumble,Vayne,Trundle,,,,,,2631,0,13,5,4,21,27,2,0,0,0,1,1,0,0,0.4789,1.0946,,,,,,,,,,,,,,,,,,,,,0,0,,,,,,,,,,1,0,51852,1182.4857,0.42633,729.5553,635.5074,12923,19,0.4333,14,0.3193,6,59,1.3455,25871,20228,461.2999,0.356746,28630,,,433,413,20,,,9.8746,4545,3833,87,3655,3531,89,890,302,-2,3,0,1,0,1,2,7052,6226,140,6273,6337,132,779,-111,8,4,0,2,2,1,3,9951,9383,209,8671,9400,196,1280,-17,13,5,0,2,2,1,3,14068,12029,256,11706,12038,241,2362,-9,15,9,0,2,4,2,4
LOLTMNT05_214367,complete,,LEC,2026,Summer,0,2026-07-26 19:35:10,3,16.14,5,Blue,sup,Labrov,oe:player:bb6ac5763c6576e104a7a2f59eb4ddf,G2 Esports,oe:team:7d6673d3a9d00363c6bebc1a630da6e,1,Taric,Poppy,Nocturne,Rumble,Vayne,Trundle,,,,,,2631,0,0,6,17,21,27,0,0,0,0,1,0,1,0,0.4789,1.0946,,,,,,,,,,,,,,,,,,,,,0,0,,,,,,,,,,0,0,3721,84.8575,0.0305943,794.1847,1100.8666,973,81,1.8472,20,0.4561,25,193,4.4014,11715,6072,138.4721,0.107089,10965,,,44,44,0,,,1.0034,2374,1955,10,2429,2532,9,-55,-577,1,0,2,0,0,2,2,3701,3557,23,4006,3845,17,-305,-288,6,0,3,1,0,5,2,4749,5321,26,5158,3992,21,-409,1329,5,0,4,1,0,5,2,6551,7875,28,6280,5319,22,271,2556,6,0,9,2,0,6,4
LOLTMNT05_214367,complete,,LEC,2026,Summer,0,2026-07-26 19:35:10,3,16.14,6,Red,top,Canna,oe:player:7577c239c73fa5f3011cd7b5503e75e,Karmine Corp,oe:team:f3aa9bbd924ce3af42ac53f8326bc7c,0,Yone,Vi,Locke,Ezreal,Skarner,Xin Zhao,,,,,,2631,1,5,1,14,27,21,0,0,0,0,0,0,0,0,0.6157,1.0946,,,,,,,,,,,,,,,,,,,,,0,0,,,,,,,,,,1,0,46882,1069.1448,0.279439,909.4413,1336.6933,18964,24,0.5473,12,0.2737,7,70,1.5964,21850,16207,369.6009,0.240075,19675,,,460,435,25,,,10.4903,3694,5267,81,3248,5224,87,446,43,-6,1,0,0,0,0,1,5653,9004,131,4990,9180,138,663,-176,-7,1,1,0,0,0,1,7851,12359,195,7256,12322,193,595,37,2,1,1,0,0,1,1,10049,15578,255,9555,17490,232,494,-1912,23,1,2,1,1,2,2
LOLTMNT05_214367,complete,,LEC,2026,Summer,0,2026-07-26 19:35:10,3,16.14,7,Red,jng,Yike,oe:player:4203fc46c4c6333e9bfa9d0a8618677,Karmine Corp,oe:team:f3aa9bbd924ce3af42ac53f8326bc7c,0,Wukong,Vi,Locke,Ezreal,Skarner,Xin Zhao,,,,,,2631,1,8,2,13,27,21,2,0,0,0,0,0,0,0,0.6157,1.0946,,,,,,,,,,,,,,,,,,,,,2,2,,,,,,,,,,1,0,24836,566.3854,0.148034,853.7286,1688.2326,5939,11,0.2509,17,0.3877,9,86,1.9612,19726,14083,321.1631,0.208612,15508,,,316,41,275,,,7.2064,3652,3882,73,3528,3390,61,124,492,12,1,0,0,1,2,0,5889,6157,108,5881,6245,98,8,-88,10,3,0,1,3,2,0,7700,8364,150,8180,9232,142,-480,-868,8,3,0,2,3,3,0,9484,11894,185,10472,12636,180,-988,-742,5,3,2,2,3,6,0
LOLTMNT05_214367,complete,,LEC,2026,Summer,0,2026-07-26 19:35:10,3,16.14,8,Red,mid,kyeahoo,oe:player:308e48bf56284c09a1a9aadf55bc80c,Karmine Corp,oe:team:f3aa9bbd924ce3af42ac53f8326bc7c,0,Cassiopeia,Vi,Locke,Ezreal,Skarner,Xin Zhao,,,,,,2631,1,3,5,14,27,21,1,0,0,0,0,0,0,0,0.6157,1.0946,,,,,,,,,,,,,,,,,,,,,0,0,,,,,,,,,,0,0,27389,624.6066,0.163251,831.4937,523.9453,4961,16,0.3649,10,0.2281,3,53,1.2087,16593,10950,249.7149,0.162203,15525,,,342,334,8,,,7.7993,3551,5017,100,3123,4914,84,428,103,16,0,0,0,0,0,0,4972,7039,141,4718,7346,125,254,-307,16,0,0,1,0,1,2,6919,10151,198,6253,9704,168,666,447,30,0,0,1,0,2,2,8778,14223,235,7786,12216,192,992,2007,43,1,1,2,0,3,3
LOLTMNT05_214367,complete,,LEC,2026,Summer,0,2026-07-26 19:35:10,3,16.14,9,Red,bot,Caliste,oe:player:e2af2b779499aa25ab9a9c10c9a5ffd,Karmine Corp,oe:team:f3aa9bbd924ce3af42ac53f8326bc7c,0,Caitlyn,Vi,Locke,Ezreal,Skarner,Xin Zhao,,,,,,2631,1,10,7,7,27,21,1,1,1,0,0,0,0,1,0.6157,1.0946,,,,,,,,,,,,,,,,,,,,,0,0,,,,,,,,,,0,1,48348,1102.5770,0.288177,544.9487,468.6203,7105,20,0.4561,23,0.5245,3,71,1.6192,25758,20115,458.7229,0.297964,21825,,,447,429,18,,,10.1938,3655,3531,89,4545,3833,87,-890,-302,2,0,1,2,3,0,1,6273,6337,132,7052,6226,140,-779,111,-8,2,1,3,4,0,2,8671,9400,196,9951,9383,209,-1280,17,-13,2,1,3,5,0,2,11706,12038,241,14068,12029,256,-2362,9,-15,4,2,4,9,0,2
LOLTMNT05_214367,complete,,LEC,2026,Summer,0,2026-07-26 19:35:10,3,16.14,10,Red,sup,Busio,oe:player:3e722c8ede909c83af9342c41805a16,Karmine Corp,oe:team:f3aa9bbd924ce3af42ac53f8326bc7c,0,Camille,Vi,Locke,Ezreal,Skarner,Xin Zhao,,,,,,2631,1,1,6,13,27,21,0,0,0,0,0,0,0,0,0.6157,1.0946,,,,,,,,,,,,,,,,,,,,,0,0,,,,,,,,,,0,0,20317,463.3295,0.121099,566.4766,435.8723,1156,103,2.3489,18,0.4105,29,196,4.4698,11796,6153,140.3193,0.091146,10460,,,40,40,0,,,0.9122,2429,2532,9,2374,1955,10,55,577,-1,0,2,2,0,2,0,4006,3845,17,3701,3557,23,305,288,-6,0,5,2,0,3,1,5158,3992,21,4749,5321,26,409,-1329,-5,0,5,2,0,4,1,6280,5319,22,6551,7875,28,-271,-2556,-6,0,6,4,0,9,2
LOLTMNT04_182038,complete,,LEC,2026,Summer,0,2026-07-31 15:08:55,1,16.15,1,Blue,top,Tracyn,oe:player:1725cf69407d2dcdf2873d0669409e8,Team Heretics,oe:team:1285e1c04d54de96502f12da4d49458,1,K'Sante,Poppy,Ezreal,Vi,Shen,Alistar,,,,,,2150,0,2,2,1,9,10,0,0,0,0,0,0,0,0,0.2512,0.5302,,,,,,,,,,,,,,,,,,,,,0,0,,,,,,,,,,0,1,12034,335.8326,0.129505,826.8279,1618.6047,6426,9,0.2512,5,0.1395,3,41,1.1442,13704,9042,252.3349,0.220552,13425,,,338,338,0,,,9.4326,3653,5255,101,3792,5499,93,-139,-244,8,0,0,0,1,0,0,5334,8757,153,5424,9301,141,-90,-544,12,0,0,0,1,0,0,8480,13647,214,7289,12646,193,1191,1001,21,2,1,0,1,1,1,10250,16157,259,9582,16780,252,668,-623,7,2,1,0,1,1,1
LOLTMNT04_182038,complete,,LEC,2026,Summer,0,2026-07-31 15:08:55,1,16.15,2,Blue,jng,Daglas,oe:player:b49867477e266c5da8e995074e18f80,Team Heretics,oe:team:1285e1c04d54de96502f12da4d49458,1,Xin Zhao,Poppy,Ezreal,Vi,Shen,Alistar,,,,,,2150,0,3,3,3,9,10,0,0,0,0,1,1,0,0,0.2512,0.5302,,,,,,,,,,,,,,,,,,,,,0,1,,,,,,,,,,0,0,14721,410.8186,0.158421,1122.1953,1028.2047,487,12,0.3349,17,0.4744,10,76,2.1209,13175,8513,237.5721,0.207649,12925,,,263,32,231,,,7.3395,3894,4329,82,3433,3896,71,461,433,11,1,0,0,0,1,0,5631,6679,124,4962,6298,108,669,381,16,1,0,0,0,1,0,8760,10005,175,7336,9648,163,1424,357,12,3,3,1,1,2,1,10307,11966,207,9390,12324,208,917,-358,-1,3,3,1,1,3,1
LOLTMNT04_182038,complete,,LEC,2026,Summer,0,2026-07-31 15:08:55,1,16.15,3,Blue,mid,Serin,oe:player:e3b8d5a9290fe0c7458dc01db4dc9dc,Team Heretics,oe:team:1285e1c04d54de96502f12da4d49458,1,Jayce,Poppy,Ezreal,Vi,Shen,Alistar,,,,,,2150,0,1,1,3,9,10,0,0,0,0,1,0,1,0,0.2512,0.5302,,,,,,,,,,,,,,,,,,,,,0,0,,,,,,,,,,0,1,21632,603.6837,0.232795,559.3116,483.0419,690,20,0.5581,7,0.1953,5,52,1.4512,12131,7469,208.4372,0.182185,12075,,,288,288,0,,,8.0372,3302,5050,87,3650,4961,105,-348,89,-18,0,1,0,0,0,0,4936,7699,142,5575,7739,164,-639,-40,-22,0,1,0,0,0,0,6932,11013,195,7066,9829,202,-134,1184,-7,0,3,1,0,0,2,7964,12276,214,8990,11686,235,-1026,590,-21,0,3,1,1,0,2
LOLTMNT04_182038,complete,,LEC,2026,Summer,0,2026-07-31 15:08:55,1,16.15,4,Blue,bot,Hype,oe:player:2452114de900ce4bb971851b668786d,Team Heretics,oe:team:1285e1c04d54de96502f12da4d49458,1,Ziggs,Poppy,Ezreal,Vi,Shen,Alistar,,,,,,2150,0,2,1,3,9,10,0,0,0,0,0,0,0,0,0.2512,0.5302,,,,,,,,,,,,,,,,,,,,,0,0,,,,,,,,,,0,0,39232,1094.8465,0.422199,309.3488,164.7907,8680,17,0.4744,4,0.1116,7,48,1.3395,16289,11627,324.4744,0.283602,15615,,,363,362,1,,,10.1302,3413,4308,85,3471,4407,101,-58,-99,-16,0,0,1,0,0,0,5806,7114,145,5958,6975,162,-152,139,-17,0,0,1,0,0,0,9297,10427,206,8726,10135,215,571,292,-9,2,2,1,1,2,1,11296,13018,268,11360,12922,287,-64,96,-19,2,2,1,1,3,1
LOLTMNT04_182038,complete,,LEC,2026,Summer,0,2026-07-31 15:08:55,1,16.15,5,Blue,sup,Way,oe:player:8c6395564a23f3c2af8d378540012b0,Team Heretics,oe:team:1285e1c04d54de96502f12da4d49458,1,Leona,Poppy,Ezreal,Vi,Shen,Alistar,,,,,,2150,0,1,3,6,9,10,0,0,0,0,1,0,1,0,0.2512,0.5302,,,,,,,,,,,,,,,,,,,,,0,0,,,,,,,,,,0,0,5304,148.0186,0.0570795,687.6279,655.8977,130,67,1.8698,25,0.6977,23,166,4.6326,9008,4346,121.2837,0.106012,8630,,,38,38,0,,,1.0605,2241,1743,9,2343,2557,19,-102,-814,-10,0,1,0,0,0,1,3393,3138,18,3560,3578,26,-167,-440,-8,0,1,0,0,0,1,5575,5887,25,4957,4873,26,618,1014,-1,1,6,1,1,2,3,6667,6728,28,6399,6544,33,268,184,-5,1,6,2,1,3,3
LOLTMNT04_182038,complete,,LEC,2026,Summer,0,2026-07-31 15:08:55,1,16.15,6,Red,top,Naak Nako,oe:player:370f639a8b838f1933c7232d8adae72,Team Vitality,oe:team:e8d8ae992fe72acb7adc7bfcee31dbb,0,Yorick,Nocturne,Jarvan IV,Camille,Orianna,Cassiopeia,,,,,,2150,1,2,1,2,10,9,0,0,0,0,0,0,0,0,0.2791,0.5302,,,,,,,,,,,,,,,,,,,,,0,0,,,,,,,,,,1,0,23340,651.3488,0.244723,873.0977,691.8419,27192,19,0.5302,4,0.1116,6,53,1.4791,16337,11675,325.8140,0.246858,15133,,,362,354,8,,,10.1023,3792,5499,93,3653,5255,101,139,244,-8,1,0,0,0,0,0,5424,9301,141,5334,8757,153,90,544,-12,1,0,0,0,0,0,7289,12646,193,8480,13647,214,-1191,-1001,-21,1,1,1,2,1,0,9582,16780,252,10250,16157,259,-668,623,-7,1,1,1,2,1,0
LOLTMNT04_182038,complete,,LEC,2026,Summer,0,2026-07-31 15:08:55,1,16.15,7,Red,jng,Lyncas,oe:player:ca9701f085966dfca32e31b1b1e9d55,Team Vitality,oe:team:e8d8ae992fe72acb7adc7bfcee31dbb,0,Pantheon,Nocturne,Jarvan IV,Camille,Orianna,Cassiopeia,,,,,,2150,1,1,1,7,10,9,0,0,0,0,0,0,0,0,0.2791,0.5302,,,,,,,,,,,,,,,,,,,,,1,0,,,,,,,,,,0,0,12459,347.6930,0.130634,993.6837,744.2512,2114,11,0.3070,12,0.3349,10,57,1.5907,13179,8517,237.6837,0.180087,12275,,,254,41,213,,,7.0884,3433,3896,71,3894,4329,82,-461,-433,-11,0,1,0,1,0,0,4962,6298,108,5631,6679,124,-669,-381,-16,0,1,0,1,0,0,7336,9648,163,8760,10005,175,-1424,-357,-12,1,2,1,3,3,1,9390,12324,208,10307,11966,207,-917,358,1,1,3,1,3,3,1
LOLTMNT04_182038,complete,,LEC,2026,Summer,0,2026-07-31 15:08:55,1,16.15,8,Red,mid,FIESTA,oe:player:5ee64eb3feb02e60832a2265db54f71,Team Vitality,oe:team:e8d8ae992fe72acb7adc7bfcee31dbb,0,Syndra,Nocturne,Jarvan IV,Camille,Orianna,Cassiopeia,,,,,,2150,1,3,3,1,10,9,0,0,0,0,0,0,0,0,0.2791,0.5302,,,,,,,,,,,,,,,,,,,,,0,0,,,,,,,,,,1,0,25908,723.0140,0.271649,636.7814,216.3907,6372,17,0.4744,5,0.1395,3,35,0.9767,13337,8675,242.0930,0.183428,13475,,,305,301,4,,,8.5116,3650,4961,105,3302,5050,87,348,-89,18,0,0,0,0,1,0,5575,7739,164,4936,7699,142,639,40,22,0,0,0,0,1,0,7066,9829,202,6932,11013,195,134,-1184,7,0,0,2,0,3,1,8990,11686,235,7964,12276,214,1026,-590,21,1,0,2,0,3,1
LOLTMNT04_182038,complete,,LEC,2026,Summer,0,2026-07-31 15:08:55,1,16.15,9,Red,bot,Carzzy,oe:player:ec0c2b8d7630efba391c288765d4d7e,Team Vitality,oe:team:e8d8ae992fe72acb7adc7bfcee31dbb,0,Sivir,Nocturne,Jarvan IV,Camille,Orianna,Cassiopeia,,,,,,2150,1,3,1,5,10,9,0,0,0,0,0,0,0,0,0.2791,0.5302,,,,,,,,,,,,,,,,,,,,,0,0,,,,,,,,,,0,0,28853,805.2000,0.302528,393.8512,175.9814,4985,16,0.4465,21,0.5860,3,68,1.8977,18418,13756,383.8884,0.290858,16525,,,413,392,21,,,11.5256,3471,4407,101,3413,4308,85,58,99,16,0,0,0,0,0,1,5958,6975,162,5806,7114,145,152,-139,17,0,0,0,0,0,1,8726,10135,215,9297,10427,206,-571,-292,9,1,2,1,2,2,1,11360,12922,287,11296,13018,268,64,-96,19,1,3,1,2,2,1
LOLTMNT04_182038,complete,,LEC,2026,Summer,0,2026-07-31 15:08:55,1,16.15,10,Red,sup,Fleshy,oe:player:10be1f35d8b5ea6babf916a6e7dd8a4,Team Vitality,oe:team:e8d8ae992fe72acb7adc7bfcee31dbb,0,Rell,Nocturne,Jarvan IV,Camille,Orianna,Cassiopeia,,,,,,2150,1,1,3,7,10,9,0,0,0,0,0,0,0,1,0.2791,0.5302,,,,,,,,,,,,,,,,,,,,,0,0,,,,,,,,,,0,0,4813,134.3163,0.050465,568.7721,651.1256,171,82,2.2884,19,0.5302,33,161,4.4930,9333,4671,130.3535,0.0987694,8345,,,39,39,0,,,1.0884,2343,2557,19,2241,1743,9,102,814,10,0,0,1,0,1,0,3560,3578,26,3393,3138,18,167,440,8,0,0,1,0,1,0,4957,4873,26,5575,5887,25,-618,-1014,1,1,2,3,1,6,1,6399,6544,33,6667,6728,28,-268,-184,5,1,3,3,1,6,2
LOLTMNT04_182039,complete,,LEC,2026,Summer,0,2026-07-31 16:07:38,2,16.15,1,Blue,top,Naak Nako,oe:player:370f639a8b838f1933c7232d8adae72,Team Vitality,oe:team:e8d8ae992fe72acb7adc7bfcee31dbb,1,Akali,Poppy,Ezreal,Camille,Renekton,Vayne,,,,,,1620,1,9,1,4,21,8,1,0,0,0,0,0,0,0,0.7778,1.0741,,,,,,,,,,,,,,,,,,,,,0,0,,,,,,,,,,2,0,25880,958.5185,0.297951,948.1111,587.5185,20534,8,0.2963,0,0.0000,0,16,0.5926,15430,11850,438.8889,0.291754,14700,,,251,244,7,,,9.2963,4001,5224,91,2755,3967,65,1246,1257,26,1,0,0,0,0,2,7016,9104,152,4047,5963,100,2969,3141,52,2,0,0,0,0,3,10878,13101,198,5857,10274,161,5021,2827,37,6,0,0,0,0,4,14715,18303,241,7110,12146,192,7605,6157,49,9,3,0,0,0,6
LOLTMNT04_182039,complete,,LEC,2026,Summer,0,2026-07-31 16:07:38,2,16.15,2,Blue,jng,Lyncas,oe:player:ca9701f085966dfca32e31b1b1e9d55,Team Vitality,oe:team:e8d8ae992fe72acb7adc7bfcee31dbb,1,Lee Sin,Poppy,Ezreal,Camille,Renekton,Vayne,,,,,,1620,1,8,0,3,21,8,1,0,0,0,0,0,0,0,0.7778,1.0741,,,,,,,,,,,,,,,,,,,,,1,0,,,,,,,,,,1,0,12518,463.6296,0.144117,995.1852,1071.0370,2885,13,0.4815,2,0.0741,4,32,1.1852,12433,8853,327.8889,0.217964,11050,,,189,12,177,,,7.0000,3789,4322,84,3541,4064,77,248,258,7,1,0,0,0,1,0,5604,6462,119,5189,6193,110,415,269,9,1,1,0,0,3,0,7551,9014,150,6741,8370,143,810,644,7,2,2,0,0,4,0,10700,12878,188,8006,10038,162,2694,2840,26,4,3,0,0,5,2
LOLTMNT04_182039,complete,,LEC,2026,Summer,0,2026-07-31 16:07:38,2,16.15,3,Blue,mid,FIESTA,oe:player:5ee64eb3feb02e60832a2265db54f71,Team Vitality,oe:team:e8d8ae992fe72acb7adc7bfcee31dbb,1,Aatrox,Poppy,Ezreal,Camille,Renekton,Vayne,,,,,,1620,1,4,3,5,21,8,0,0,0,0,0,0,0,1,0.7778,1.0741,,,,,,,,,,,,,,,,,,,,,0,0,,,,,,,,,,0,0,20962,776.3704,0.241331,1394.5926,1120.1481,7657,6,0.2222,3,0.1111,2,24,0.8889,11418,7838,290.2963,0.192973,11400,,,223,221,2,,,8.2593,3241,4575,87,3885,4860,87,-644,-285,0,0,0,1,2,0,0,5383,7567,144,5625,6930,126,-242,637,18,0,0,1,3,1,0,6986,10161,188,7136,9149,166,-150,1012,22,0,0,1,3,2,2,10346,13573,216,8523,11067,199,1823,2506,17,3,2,2,3,3,4
LOLTMNT04_182039,complete,,LEC,2026,Summer,0,2026-07-31 16:07:38,2,16.15,4,Blue,bot,Carzzy,oe:player:ec0c2b8d7630efba391c288765d4d7e,Team Vitality,oe:team:e8d8ae992fe72acb7adc7bfcee31dbb,1,Cassiopeia,Poppy,Ezreal,Camille,Renekton,Vayne,,,,,,1620,1,0,2,12,21,8,0,0,0,0,0,0,0,0,0.7778,1.0741,,,,,,,,,,,,,,,,,,,,,0,0,,,,,,,,,,0,0,19429,719.5926,0.223682,672.7778,381.4074,5122,9,0.3333,4,0.1481,1,26,0.9630,11628,8048,298.0741,0.198144,9675,,,239,233,6,,,8.8519,3261,3570,85,3283,3514,76,-22,56,9,0,0,1,0,1,0,5327,5851,133,6031,5880,138,-704,-29,-5,0,0,2,1,1,0,7851,8496,183,8050,8456,194,-199,40,-11,0,4,2,1,1,1,10401,13086,226,9930,10430,231,471,2656,-5,0,7,2,2,1,3
LOLTMNT04_182039,complete,,LEC,2026,Summer,0,2026-07-31 16:07:38,2,16.15,5,Blue,sup,Fleshy,oe:player:10be1f35d8b5ea6babf916a6e7dd8a4,Team Vitality,oe:team:e8d8ae992fe72acb7adc7bfcee31dbb,1,Nautilus,Poppy,Ezreal,Camille,Renekton,Vayne,,,,,,1620,1,0,2,10,21,8,0,0,0,0,0,0,0,0,0.7778,1.0741,,,,,,,,,,,,,,,,,,,,,0,0,,,,,,,,,,0,0,8071,298.9259,0.0929196,554.5185,700.0370,626,47,1.7407,13,0.4815,18,108,4.0000,7608,4028,149.1852,0.0991653,7035,,,31,31,0,,,1.1481,2521,2396,11,2480,2329,12,41,67,-1,0,1,0,0,2,0,3731,3266,22,3696,3737,23,35,-471,-1,0,1,1,0,4,0,5056,4684,25,5118,5033,30,-62,-349,-5,0,3,2,1,4,1,6965,7478,30,6181,6933,33,784,545,-3,0,7,2,1,5,1
LOLTMNT04_182039,complete,,LEC,2026,Summer,0,2026-07-31 16:07:38,2,16.15,6,Red,top,Tracyn,oe:player:1725cf69407d2dcdf2873d0669409e8,Team Heretics,oe:team:1285e1c04d54de96502f12da4d49458,0,Gnar,Vi,Naafiri,Nocturne,Alistar,Ambessa,,,,,,1620,0,1,7,0,8,21,0,0,0,0,0,0,0,0,0.2963,1.0741,,,,,,,,,,,,,,,,,,,,,0,0,,,,,,,,,,0,2,15193,562.7037,0.200343,851.1852,564.1852,0,8,0.2963,1,0.0370,0,18,0.6667,8585,5005,185.3704,0.187151,8433,,,212,212,0,,,7.8519,2755,3967,65,4001,5224,91,-1246,-1257,-26,0,0,2,1,0,0,4047,5963,100,7016,9104,152,-2969,-3141,-52,0,0,3,2,0,0,5857,10274,161,10878,13101,198,-5021,-2827,-37,0,0,4,6,0,0,7110,12146,192,14715,18303,241,-7605,-6157,-49,0,0,6,9,3,0
LOLTMNT04_182039,complete,,LEC,2026,Summer,0,2026-07-31 16:07:38,2,16.15,7,Red,jng,Daglas,oe:player:b49867477e266c5da8e995074e18f80,Team Heretics,oe:team:1285e1c04d54de96502f12da4d49458,0,Jarvan IV,Vi,Naafiri,Nocturne,Alistar,Ambessa,,,,,,1620,0,0,4,6,8,21,0,0,0,0,1,0,1,0,0.2963,1.0741,,,,,,,,,,,,,,,,,,,,,0,1,,,,,,,,,,0,1,12479,462.1852,0.164555,1074.7037,994.1111,195,9,0.3333,6,0.2222,8,34,1.2593,8415,4835,179.0741,0.180794,8225,,,163,14,149,,,6.0370,3541,4064,77,3789,4322,84,-248,-258,-7,0,1,0,1,0,0,5189,6193,110,5604,6462,119,-415,-269,-9,0,3,0,1,1,0,6741,8370,143,7551,9014,150,-810,-644,-7,0,4,0,2,2,0,8006,10038,162,10700,12878,188,-2694,-2840,-26,0,5,2,4,3,0
LOLTMNT04_182039,complete,,LEC,2026,Summer,0,2026-07-31 16:07:38,2,16.15,8,Red,mid,Serin,oe:player:e3b8d5a9290fe0c7458dc01db4dc9dc,Team Heretics,oe:team:1285e1c04d54de96502f12da4d49458,0,Galio,Vi,Naafiri,Nocturne,Alistar,Ambessa,,,,,,1620,0,3,5,4,8,21,0,0,0,0,1,1,0,0,0.2963,1.0741,,,,,,,,,,,,,,,,,,,,,0,0,,,,,,,,,,0,0,23531,871.5185,0.310292,942.8889,986.8889,174,8,0.2963,0,0.0000,2,17,0.6296,9132,5552,205.6296,0.207606,8800,,,213,213,0,,,7.8889,3885,4860,87,3241,4575,87,644,285,0,2,0,0,0,0,1,5625,6930,126,5383,7567,144,242,-637,-18,3,1,0,0,0,1,7136,9149,166,6986,10161,188,150,-1012,-22,3,2,2,0,0,1,8523,11067,199,10346,13573,216,-1823,-2506,-17,3,3,4,3,2,2
LOLTMNT04_182039,complete,,LEC,2026,Summer,0,2026-07-31 16:07:38,2,16.15,9,Red,bot,Hype,oe:player:2452114de900ce4bb971851b668786d,Team Heretics,oe:team:1285e1c04d54de96502f12da4d49458,0,Orianna,Vi,Naafiri,Nocturne,Alistar,Ambessa,,,,,,1620,0,3,3,2,8,21,0,0,0,0,0,0,0,0,0.2963,1.0741,,,,,,,,,,,,,,,,,,,,,0,0,,,,,,,,,,0,0,20454,757.5556,0.269717,512.7407,229.3333,1995,12,0.4444,3,0.1111,4,25,0.9259,11975,8395,310.9259,0.313922,9900,,,253,253,0,,,9.3704,3283,3514,76,3261,3570,85,22,-56,-9,0,1,0,0,0,1,6031,5880,138,5327,5851,133,704,29,5,1,1,0,0,0,2,8050,8456,194,7851,8496,183,199,-40,11,1,1,1,0,4,2,9930,10430,231,10401,13086,226,-471,-2656,5,2,1,3,0,7,2
LOLTMNT04_182039,complete,,LEC,2026,Summer,0,2026-07-31 16:07:38,2,16.15,10,Red,sup,Way,oe:player:8c6395564a23f3c2af8d378540012b0,Team Heretics,oe:team:1285e1c04d54de96502f12da4d49458,0,Shen,Vi,Naafiri,Nocturne,Alistar,Ambessa,,,,,,1620,0,1,2,5,8,21,0,0,0,0,1,0,1,0,0.2963,1.0741,,,,,,,,,,,,,,,,,,,,,0,0,,,,,,,,,,0,0,4178,154.7407,0.0550933,604.6296,638.9259,0,49,1.8148,13,0.4815,15,108,4.0000,6536,2956,109.4815,0.110527,6255,,,33,33,0,,,1.2222,2480,2329,12,2521,2396,11,-41,-67,1,0,2,0,0,1,0,3696,3737,23,3731,3266,22,-35,471,1,0,4,0,0,1,1,5118,5033,30,5056,4684,25,62,349,5,1,4,1,0,3,2,6181,6933,33,6965,7478,30,-784,-545,3,1,5,1,0,7,2
LOLTMNT04_182048,complete,,LEC,2026,Summer,0,2026-07-31 16:58:35,1,16.15,1,Blue,top,Myrwn,oe:player:ede24d5e0911d7a4f6ec514a67802ff,Movistar KOI,oe:team:4acc40654379b4da680be1bd3129dfa,0,Ambessa,Orianna,Jayce,Locke,Lucian,Ezreal,,,,,,2542,0,1,7,3,13,24,0,0,0,0,0,0,0,0,0.3068,0.8733,,,,,,,,,,,,,,,,,,,,,0,0,,,,,,,,,,0,0,17368,409.9449,0.145832,723.1865,1174.2958,2228,24,0.5665,8,0.1888,7,69,1.6286,14198,8737,206.2234,0.175497,14360,,,336,324,12,,,7.9308,3214,4877,80,3694,5286,103,-480,-409,-23,0,1,0,0,0,0,5418,7640,136,5264,8556,145,154,-916,-9,0,1,1,0,1,0,7355,10833,182,7165,11742,201,190,-909,-19,1,1,2,0,1,0,9137,14116,235,8996,14457,254,141,-341,-19,1,1,2,0,1,1
LOLTMNT04_182048,complete,,LEC,2026,Summer,0,2026-07-31 16:58:35,1,16.15,2,Blue,jng,Elyoya,oe:player:8a8f18e4b7d0f30c19c5fb99a526951,Movistar KOI,oe:team:4acc40654379b4da680be1bd3129dfa,0,Vi,Orianna,Jayce,Locke,Lucian,Ezreal,,,,,,2542,0,4,3,5,13,24,0,0,0,0,0,0,0,0,0.3068,0.8733,,,,,,,,,,,,,,,,,,,,,1,1,,,,,,,,,,0,1,12752,300.9913,0.107073,821.1408,1204.4138,3301,16,0.3777,23,0.5429,16,83,1.9591,16322,10861,256.3572,0.218163,15600,,,304,36,268,,,7.1755,3776,4265,82,3583,4549,87,193,-284,-5,1,0,0,0,0,1,6226,6784,121,5788,7754,136,438,-970,-15,2,0,0,1,0,1,8837,9798,162,7998,10256,170,839,-458,-8,3,2,0,2,0,2,11118,12691,209,9683,12229,205,1435,462,4,4,2,0,2,0,2
LOLTMNT04_182048,complete,,LEC,2026,Summer,0,2026-07-31 16:58:35,1,16.15,3,Blue,mid,Jojopyun,oe:player:83eb62484689106807fcf5ad55b5479,Movistar KOI,oe:team:4acc40654379b4da680be1bd3129dfa,0,Viktor,Orianna,Jayce,Locke,Lucian,Ezreal,,,,,,2542,0,6,5,2,13,24,1,0,0,0,0,0,0,1,0.3068,0.8733,,,,,,,,,,,,,,,,,,,,,0,0,,,,,,,,,,0,0,40457,954.9253,0.339701,555.1770,569.9056,7359,18,0.4249,6,0.1416,3,42,0.9913,17528,12067,284.8230,0.242388,16350,,,362,346,16,,,8.5445,3292,4638,87,3792,4413,85,-500,225,2,0,0,2,2,0,0,4980,7574,140,5341,6771,133,-361,803,7,0,0,2,2,0,1,7397,10632,189,7357,8559,164,40,2073,25,1,2,2,3,1,2,9470,13487,247,9344,12551,220,126,936,27,1,2,2,3,1,2
LOLTMNT04_182048,complete,,LEC,2026,Summer,0,2026-07-31 16:58:35,1,16.15,4,Blue,bot,Supa,oe:player:1223a0ed2bfab9b714c72d965df8133,Movistar KOI,oe:team:4acc40654379b4da680be1bd3129dfa,0,Ziggs,Orianna,Jayce,Locke,Lucian,Ezreal,,,,,,2542,0,2,3,8,13,24,0,0,0,0,0,0,0,0,0.3068,0.8733,,,,,,,,,,,,,,,,,,,,,0,0,,,,,,,,,,0,1,42650,1006.6876,0.358114,379.8505,185.1456,7624,19,0.4485,12,0.2832,6,64,1.5106,18687,13226,312.1794,0.26567,17600,,,416,416,0,,,9.8190,3321,4068,87,3203,4566,84,118,-498,3,0,0,0,0,0,0,5498,6956,151,5754,7501,134,-256,-545,17,0,1,1,0,1,0,8395,10157,211,7742,10259,194,653,-102,17,1,2,1,0,1,0,10872,13289,277,10027,13326,258,845,-37,19,1,3,1,0,1,0
LOLTMNT04_182048,complete,,LEC,2026,Summer,0,2026-07-31 16:58:35,1,16.15,5,Blue,sup,Alvaro,oe:player:f5bf9bd732b85e4dcab5121e4769ae4,Movistar KOI,oe:team:4acc40654379b4da680be1bd3129dfa,0,Shen,Orianna,Jayce,Locke,Lucian,Ezreal,,,,,,2542,0,0,6,8,13,24,0,0,0,0,0,0,0,0,0.3068,0.8733,,,,,,,,,,,,,,,,,,,,,0,0,,,,,,,,,,0,0,5869,138.5287,0.0492796,683.4146,738.9772,157,103,2.4312,28,0.6609,35,225,5.3108,10354,4893,115.4917,0.0982817,10035,,,47,47,0,,,1.1094,2462,1810,15,2481,2058,11,-19,-248,4,0,1,0,0,2,0,3847,3047,25,3999,3338,25,-152,-291,0,0,2,0,1,2,0,5044,3956,31,5380,4340,29,-336,-384,2,0,3,1,1,4,2,6156,4458,33,6597,4562,34,-441,-104,-1,0,3,1,1,4,2
LOLTMNT04_182048,complete,,LEC,2026,Summer,0,2026-07-31 16:58:35,1,16.15,6,Red,top,Rooster,oe:player:285954244fdc2bcce532fb88a1e0ddb,Shifters,oe:team:a2065488a11a2c0a2403a7b347eec61,1,Gnar,Poppy,Akali,Camille,Anivia,Vayne,,,,,,2542,1,4,1,11,24,13,0,0,0,0,0,0,0,0,0.5665,0.8733,,,,,,,,,,,,,,,,,,,,,0,0,,,,,,,,,,0,0,22794,538.0173,0.211943,666.3257,828.4579,7147,17,0.4013,10,0.2360,4,62,1.4634,17185,11724,276.7270,0.211617,15833,,,378,365,13,,,8.9221,3694,5286,103,3214,4877,80,480,409,23,0,0,0,0,1,0,5264,8556,145,5418,7640,136,-154,916,9,0,1,0,0,1,1,7165,11742,201,7355,10833,182,-190,909,19,0,1,0,1,1,2,8996,14457,254,9137,14116,235,-141,341,19,0,1,1,1,1,2
LOLTMNT04_182048,complete,,LEC,2026,Summer,0,2026-07-31 16:58:35,1,16.15,7,Red,jng,Sheo,oe:player:404079b4e478ea2a8b57904c640311b,Shifters,oe:team:a2065488a11a2c0a2403a7b347eec61,1,Olaf,Poppy,Akali,Camille,Anivia,Vayne,,,,,,2542,1,7,3,7,24,13,1,0,0,0,0,0,0,0,0.5665,0.8733,,,,,,,,,,,,,,,,,,,,,1,1,,,,,,,,,,1,0,22985,542.5256,0.213719,833.1786,1268.5917,9512,11,0.2596,27,0.6373,9,101,2.3839,18414,12953,305.7356,0.233801,15225,,,330,55,275,,,7.7891,3583,4549,87,3776,4265,82,-193,284,5,0,0,1,1,0,0,5788,7754,136,6226,6784,121,-438,970,15,1,0,1,2,0,0,7998,10256,170,8837,9798,162,-839,458,8,2,0,2,3,2,0,9683,12229,205,11118,12691,209,-1435,-462,-4,2,0,2,4,2,0
LOLTMNT04_182048,complete,,LEC,2026,Summer,0,2026-07-31 16:58:35,1,16.15,8,Red,mid,nuc,oe:player:8f862245fbdb4d065e46c83630b9495,Shifters,oe:team:a2065488a11a2c0a2403a7b347eec61,1,Cassiopeia,Poppy,Akali,Camille,Anivia,Vayne,,,,,,2542,1,9,3,10,24,13,1,1,0,0,1,1,0,0,0.5665,0.8733,,,,,,,,,,,,,,,,,,,,,0,0,,,,,,,,,,0,0,26716,630.5901,0.24841,914.3037,549.9371,8933,19,0.4485,15,0.3541,5,73,1.7231,17893,12432,293.4382,0.224397,17985,,,351,335,16,,,8.2848,3792,4413,85,3292,4638,87,500,-225,-2,2,0,0,0,0,2,5341,6771,133,4980,7574,140,361,-803,-7,2,0,1,0,0,2,7357,8559,164,7397,10632,189,-40,-2073,-25,3,1,2,1,2,2,9344,12551,220,9470,13487,247,-126,-936,-27,3,1,2,1,2,2
LOLTMNT04_182048,complete,,LEC,2026,Summer,0,2026-07-31 16:58:35,1,16.15,9,Red,bot,Paduck,oe:player:326f63d01099f1c8b91620cbc893813,Shifters,oe:team:a2065488a11a2c0a2403a7b347eec61,1,Vladimir,Poppy,Akali,Camille,Anivia,Vayne,,,,,,2542,1,3,2,11,24,13,0,0,0,0,0,0,0,0,0.5665,0.8733,,,,,,,,,,,,,,,,,,,,,0,0,,,,,,,,,,1,0,29276,691.0149,0.272213,857.8678,481.2038,7333,20,0.4721,12,0.2832,8,53,1.2510,17693,12232,288.7175,0.220787,15300,,,351,347,4,,,8.2848,3203,4566,84,3321,4068,87,-118,498,-3,0,0,0,0,0,0,5754,7501,134,5498,6956,151,256,545,-17,0,1,0,0,1,1,7742,10259,194,8395,10157,211,-653,102,-17,0,1,0,1,2,1,10027,13326,258,10872,13289,277,-845,37,-19,0,1,0,1,3,1
LOLTMNT04_182048,complete,,LEC,2026,Summer,0,2026-07-31 16:58:35,1,16.15,10,Red,sup,Stend,oe:player:41672e17bc1f86dc5d93955c031d2a9,Shifters,oe:team:a2065488a11a2c0a2403a7b347eec61,1,Rell,Poppy,Akali,Camille,Anivia,Vayne,,,,,,2542,1,1,4,17,24,13,0,0,0,0,1,0,1,0,0.5665,0.8733,,,,,,,,,,,,,,,,,,,,,0,0,,,,,,,,,,0,0,5777,136.3572,0.0537155,490.1495,913.9024,0,97,2.2895,25,0.5901,35,212,5.0039,11522,6061,143.0606,0.109398,10500,,,43,43,0,,,1.0149,2481,2058,11,2462,1810,15,19,248,-4,0,2,0,0,1,0,3999,3338,25,3847,3047,25,152,291,0,1,2,0,0,2,0,5380,4340,29,5044,3956,31,336,384,-2,1,4,2,0,3,1,6597,4562,34,6156,4458,33,441,104,1,1,4,2,0,3,1
LOLTMNT04_182052,complete,,LEC,2026,Summer,0,2026-07-31 18:01:36,2,16.15,1,Blue,top,Rooster,oe:player:285954244fdc2bcce532fb88a1e0ddb,Shifters,oe:team:a2065488a11a2c0a2403a7b347eec61,0,K'Sante,Akali,Camille,Nocturne,Sylas,Kai'Sa,,,,,,1706,0,0,3,1,4,18,0,0,0,0,0,0,0,0,0.1407,0.7386,,,,,,,,,,,,,,,,,,,,,0,0,,,,,,,,,,0,1,9980,350.9965,0.169977,676.6706,1205.7327,4949,11,0.3869,4,0.1407,4,33,1.1606,9539,5783,203.3880,0.207291,9350,,,243,243,0,,,8.5463,3621,5242,102,3598,5348,101,23,-106,1,0,0,0,0,0,0,5596,8842,149,5383,8880,149,213,-38,0,0,1,0,0,1,1,7488,11555,198,7295,12702,207,193,-1147,-9,0,1,1,0,2,1,8698,13254,227,9461,15961,238,-763,-2707,-11,0,1,2,2,7,1
LOLTMNT04_182052,complete,,LEC,2026,Summer,0,2026-07-31 18:01:36,2,16.15,2,Blue,jng,Sheo,oe:player:404079b4e478ea2a8b57904c640311b,Shifters,oe:team:a2065488a11a2c0a2403a7b347eec61,0,Naafiri,Akali,Camille,Nocturne,Sylas,Kai'Sa,,,,,,1706,0,3,2,0,4,18,0,0,0,0,0,0,0,0,0.1407,0.7386,,,,,,,,,,,,,,,,,,,,,0,1,,,,,,,,,,0,0,15994,562.5088,0.272405,925.3927,586.0023,2156,7,0.2462,4,0.1407,5,28,0.9848,10557,6801,239.1911,0.24378,10475,,,210,16,194,,,7.3857,4031,4103,74,3569,4109,76,462,-6,-2,2,0,0,0,2,0,6417,7195,120,5549,6724,122,868,471,-2,3,0,1,0,2,0,8434,10616,169,7700,9340,160,734,1276,9,3,0,1,1,2,0,9551,11783,187,10580,12650,199,-1029,-867,-12,3,0,2,4,4,0
LOLTMNT04_182052,complete,,LEC,2026,Summer,0,2026-07-31 18:01:36,2,16.15,3,Blue,mid,nuc,oe:player:8f862245fbdb4d065e46c83630b9495,Shifters,oe:team:a2065488a11a2c0a2403a7b347eec61,0,Orianna,Akali,Camille,Nocturne,Sylas,Kai'Sa,,,,,,1706,0,1,4,1,4,18,0,0,0,0,0,0,0,0,0.1407,0.7386,,,,,,,,,,,,,,,,,,,,,0,0,,,,,,,,,,0,0,12116,426.1196,0.206356,563.9859,382.0516,4017,15,0.5275,7,0.2462,7,33,1.1606,10015,6259,220.1290,0.224352,9475,,,246,246,0,,,8.6518,3174,4723,88,3666,5039,97,-492,-316,-9,0,1,1,0,2,0,5013,7705,150,5964,7812,146,-951,-107,4,0,1,1,2,2,0,7191,10538,208,8108,10892,206,-917,-354,2,0,1,1,2,3,0,8250,11585,228,10086,13420,245,-1836,-1835,-17,0,1,3,3,7,0
LOLTMNT04_182052,complete,,LEC,2026,Summer,0,2026-07-31 18:01:36,2,16.15,4,Blue,bot,Paduck,oe:player:326f63d01099f1c8b91620cbc893813,Shifters,oe:team:a2065488a11a2c0a2403a7b347eec61,0,Ezreal,Akali,Camille,Nocturne,Sylas,Kai'Sa,,,,,,1706,0,0,4,1,4,18,0,0,0,0,0,0,0,1,0.1407,0.7386,,,,,,,,,,,,,,,,,,,,,0,0,,,,,,,,,,0,0,16510,580.6565,0.281194,529.2732,275.9086,7227,12,0.4220,5,0.1758,3,26,0.9144,10150,6394,224.8769,0.229191,9558,,,231,231,0,,,8.1243,3334,3457,79,4164,3577,74,-830,-120,5,0,1,1,3,0,1,5657,5434,126,6942,6091,130,-1285,-657,-4,0,1,2,3,0,1,7659,8166,182,9445,8068,182,-1786,98,0,0,1,2,3,0,1,9415,9635,222,12118,11101,234,-2703,-1466,-12,0,1,3,4,5,1
LOLTMNT04_182052,complete,,LEC,2026,Summer,0,2026-07-31 18:01:36,2,16.15,5,Blue,sup,Stend,oe:player:41672e17bc1f86dc5d93955c031d2a9,Shifters,oe:team:a2065488a11a2c0a2403a7b347eec61,0,Alistar,Akali,Camille,Nocturne,Sylas,Kai'Sa,,,,,,1706,0,0,5,2,4,18,0,0,0,0,0,0,0,0,0.1407,0.7386,,,,,,,,,,,,,,,,,,,,,0,0,,,,,,,,,,0,0,4114,144.6893,0.0700685,785.5569,1052.9191,55,50,1.7585,9,0.3165,19,99,3.4818,6417,2661,93.5873,0.0953862,6060,,,28,28,0,,,0.9848,2389,2564,11,2633,2645,17,-244,-81,-6,0,1,1,0,2,1,3440,3402,18,3915,3552,27,-475,-150,-9,0,1,2,0,3,1,4663,4422,26,5241,4549,33,-578,-127,-7,0,1,2,0,4,1,5575,5409,27,6519,6955,34,-944,-1546,-7,0,1,4,0,9,1
LOLTMNT04_182052,complete,,LEC,2026,Summer,0,2026-07-31 18:01:36,2,16.15,6,Red,top,Myrwn,oe:player:ede24d5e0911d7a4f6ec514a67802ff,Movistar KOI,oe:team:4acc40654379b4da680be1bd3129dfa,1,Jayce,Poppy,Locke,Syndra,Yorick,Irelia,,,,,,1706,1,3,1,10,17,4,0,0,0,0,0,0,0,0,0.5979,0.7386,,,,,,,,,,,,,,,,,,,,,0,0,,,,,,,,,,1,0,19171,674.2438,0.233995,557.5850,441.5592,5926,12,0.4220,11,0.3869,2,40,1.4068,11703,7947,279.4959,0.194775,9337,,,269,268,1,,,9.4607,3598,5348,101,3621,5242,102,-23,106,-1,0,0,0,0,0,0,5383,8880,149,5596,8842,149,-213,38,0,0,1,1,0,1,0,7295,12702,207,7488,11555,198,-193,1147,9,0,2,1,0,1,1,9461,15961,238,8698,13254,227,763,2707,11,2,7,1,0,1,2
LOLTMNT04_182052,complete,,LEC,2026,Summer,0,2026-07-31 18:01:36,2,16.15,7,Red,jng,Elyoya,oe:player:8a8f18e4b7d0f30c19c5fb99a526951,Movistar KOI,oe:team:4acc40654379b4da680be1bd3129dfa,1,Lee Sin,Poppy,Locke,Syndra,Yorick,Irelia,,,,,,1706,1,7,0,5,17,4,1,0,0,0,0,0,0,0,0.5979,0.7386,,,,,,,,,,,,,,,,,,,,,1,0,,,,,,,,,,0,0,13153,462.5909,0.160541,795.8617,1095.1583,7487,15,0.5275,8,0.2814,6,53,1.8640,13448,9692,340.8675,0.237542,10850,,,217,17,200,,,7.6319,3569,4109,76,4031,4103,74,-462,6,2,0,2,0,2,0,0,5549,6724,122,6417,7195,120,-868,-471,2,0,2,0,3,0,1,7700,9340,160,8434,10616,169,-734,-1276,-9,1,2,0,3,0,1,10580,12650,199,9551,11783,187,1029,867,12,4,4,0,3,0,2
LOLTMNT04_182052,complete,,LEC,2026,Summer,0,2026-07-31 18:01:36,2,16.15,8,Red,mid,Jojopyun,oe:player:83eb62484689106807fcf5ad55b5479,Movistar KOI,oe:team:4acc40654379b4da680be1bd3129dfa,1,Galio,Poppy,Locke,Syndra,Yorick,Irelia,,,,,,1706,1,3,1,8,17,4,0,0,0,0,0,0,0,0,0.5979,0.7386,,,,,,,,,,,,,,,,,,,,,0,0,,,,,,,,,,0,0,17046,599.5076,0.208058,716.0610,1349.2263,7156,14,0.4924,6,0.2110,7,42,1.4771,11774,8018,281.9930,0.196515,10675,,,276,274,2,,,9.7069,3666,5039,97,3174,4723,88,492,316,9,0,2,0,0,1,1,5964,7812,146,5013,7705,150,951,107,-4,2,2,0,0,1,1,8108,10892,206,7191,10538,208,917,354,-2,2,3,0,0,1,1,10086,13420,245,8250,11585,228,1836,1835,17,3,7,0,0,1,3
LOLTMNT04_182052,complete,,LEC,2026,Summer,0,2026-07-31 18:01:36,2,16.15,9,Red,bot,Supa,oe:player:1223a0ed2bfab9b714c72d965df8133,Movistar KOI,oe:team:4acc40654379b4da680be1bd3129dfa,1,Lucian,Poppy,Locke,Syndra,Yorick,Irelia,,,,,,1706,1,4,1,8,17,4,0,0,0,0,1,1,0,0,0.5979,0.7386,,,,,,,,,,,,,,,,,,,,,0,0,,,,,,,,,,0,0,26472,931.0199,0.323109,511.5123,404.9121,10580,11,0.3869,11,0.3869,4,43,1.5123,14545,10789,379.4490,0.264429,12475,,,260,246,14,,,9.1442,4164,3577,74,3334,3457,79,830,120,-5,3,0,1,0,1,1,6942,6091,130,5657,5434,126,1285,657,4,3,0,1,0,1,2,9445,8068,182,7659,8166,182,1786,-98,0,3,0,1,0,1,2,12118,11101,234,9415,9635,222,2703,1466,12,4,5,1,0,1,3
LOLTMNT04_182052,complete,,LEC,2026,Summer,0,2026-07-31 18:01:36,2,16.15,10,Red,sup,Alvaro,oe:player:f5bf9bd732b85e4dcab5121e4769ae4,Movistar KOI,oe:team:4acc40654379b4da680be1bd3129dfa,1,Leona,Poppy,Locke,Syndra,Yorick,Irelia,,,,,,1706,1,0,1,12,17,4,0,0,0,0,1,0,1,0,0.5979,0.7386,,,,,,,,,,,,,,,,,,,,,0,0,,,,,,,,,,0,0,6087,214.0797,0.074296,549.3904,613.7866,430,52,1.8288,19,0.6682,17,141,4.9590,8111,4355,153.1653,0.106739,6190,,,44,44,0,,,1.5475,2633,2645,17,2389,2564,11,244,81,6,0,2,1,0,1,1,3915,3552,27,3440,3402,18,475,150,9,0,3,1,0,1,2,5241,4549,33,4663,4422,26,578,127,7,0,4,1,0,1,2,6519,6955,34,5575,5409,27,944,1546,7,0,9,1,0,1,4
LOLTMNT04_182054,complete,,LEC,2026,Summer,0,2026-07-31 18:51:57,3,16.15,1,Blue,top,Myrwn,oe:player:ede24d5e0911d7a4f6ec514a67802ff,Movistar KOI,oe:team:4acc40654379b4da680be1bd3129dfa,1,Rumble,Poppy,Locke,Syndra,Aurora,Akali,,,,,,1738,1,8,2,12,28,8,1,0,0,0,0,0,0,0,0.9666,1.2428,,,,,,,,,,,,,,,,,,,,,0,0,,,,,,,,,,0,0,22883,789.9770,0.231976,540.9666,684.3728,4942,14,0.4833,3,0.1036,4,39,1.3464,12398,8577,296.0990,0.18694,11050,,,215,203,12,,,7.4223,3650,5089,85,3609,4236,82,41,853,3,1,2,1,1,1,1,5135,8483,126,5197,7347,129,-62,1136,-3,1,3,1,1,1,2,7567,11951,167,6949,10070,173,618,1881,-6,3,6,2,1,3,2,9644,15564,199,8977,13258,233,667,2306,-34,5,7,2,1,3,3
LOLTMNT04_182054,complete,,LEC,2026,Summer,0,2026-07-31 18:51:57,3,16.15,2,Blue,jng,Elyoya,oe:player:8a8f18e4b7d0f30c19c5fb99a526951,Movistar KOI,oe:team:4acc40654379b4da680be1bd3129dfa,1,Trundle,Poppy,Locke,Syndra,Aurora,Akali,,,,,,1738,1,5,0,19,28,8,0,0,0,0,0,0,0,0,0.9666,1.2428,,,,,,,,,,,,,,,,,,,,,1,0,,,,,,,,,,1,0,18876,651.6456,0.191355,1324.0391,1066.4327,18620,6,0.2071,6,0.2071,5,38,1.3119,13550,9729,335.8688,0.212049,11858,,,205,12,193,,,7.0771,3854,4260,76,3461,3538,69,393,722,7,1,2,0,0,2,1,5932,6689,113,4954,5494,103,978,1195,10,1,7,0,0,2,2,8684,9382,145,6691,6779,117,1993,2603,28,3,11,0,1,3,5,11220,12766,174,7982,8289,135,3238,4477,39,4,14,0,1,3,5
LOLTMNT04_182054,complete,,LEC,2026,Summer,0,2026-07-31 18:51:57,3,16.15,3,Blue,mid,Jojopyun,oe:player:83eb62484689106807fcf5ad55b5479,Movistar KOI,oe:team:4acc40654379b4da680be1bd3129dfa,1,Taliyah,Poppy,Locke,Syndra,Aurora,Akali,,,,,,1738,1,7,3,10,28,8,2,0,0,0,0,0,0,0,0.9666,1.2428,,,,,,,,,,,,,,,,,,,,,0,0,,,,,,,,,,0,0,26290,907.5949,0.266514,540.6904,324.8562,6715,17,0.5869,2,0.0690,7,33,1.1392,13710,9889,341.3924,0.215536,11625,,,296,277,19,,,10.2186,3774,4947,98,3250,4801,84,524,146,14,0,3,1,0,1,0,7049,8411,159,4737,6635,124,2312,1776,35,4,3,1,0,1,1,9026,10515,192,6934,9618,185,2092,897,7,5,6,2,0,4,1,11354,14665,266,8611,13267,231,2743,1398,35,5,7,2,0,4,3
LOLTMNT04_182054,complete,,LEC,2026,Summer,0,2026-07-31 18:51:57,3,16.15,4,Blue,bot,Supa,oe:player:1223a0ed2bfab9b714c72d965df8133,Movistar KOI,oe:team:4acc40654379b4da680be1bd3129dfa,1,Sivir,Poppy,Locke,Syndra,Aurora,Akali,,,,,,1738,1,7,1,11,28,8,0,0,0,0,1,1,0,0,0.9666,1.2428,,,,,,,,,,,,,,,,,,,,,0,0,,,,,,,,,,0,0,26414,911.8757,0.267771,428.5616,245.5236,8525,13,0.4488,8,0.2762,4,42,1.4499,17091,13270,458.1128,0.289228,15750,,,288,278,10,,,9.9425,3773,3926,88,3467,3944,89,306,-18,-1,1,0,0,0,0,0,6795,5972,130,5423,6080,137,1372,-108,-7,2,3,0,0,0,1,10543,8717,185,8869,8098,169,1674,619,16,4,7,0,2,1,3,14331,12905,254,11282,10688,229,3049,2217,25,5,10,0,2,1,3
LOLTMNT04_182054,complete,,LEC,2026,Summer,0,2026-07-31 18:51:57,3,16.15,5,Blue,sup,Alvaro,oe:player:f5bf9bd732b85e4dcab5121e4769ae4,Movistar KOI,oe:team:4acc40654379b4da680be1bd3129dfa,1,Nautilus,Poppy,Locke,Syndra,Aurora,Akali,,,,,,1738,1,1,2,17,28,8,0,0,0,0,0,0,0,0,0.9666,1.2428,,,,,,,,,,,,,,,,,,,,,0,0,,,,,,,,,,0,0,4181,144.3383,0.0423847,526.2601,731.7031,715,57,1.9678,17,0.5869,26,123,4.2463,8237,4416,152.4511,0.0962476,7920,,,39,37,2,,,1.3464,2574,2036,19,2666,1964,13,-92,72,6,1,1,0,1,1,2,4033,3084,29,3637,2682,15,396,402,14,1,5,0,1,1,3,5448,4805,31,5013,5246,21,435,-441,10,1,11,1,1,4,5,6884,7055,38,6150,5878,23,734,1177,15,1,13,1,1,4,6
LOLTMNT04_182054,complete,,LEC,2026,Summer,0,2026-07-31 18:51:57,3,16.15,6,Red,top,Rooster,oe:player:285954244fdc2bcce532fb88a1e0ddb,Shifters,oe:team:a2065488a11a2c0a2403a7b347eec61,0,Varus,Camille,Nocturne,Caitlyn,Anivia,Yone,,,,,,1738,0,1,4,5,8,28,0,0,0,0,0,0,0,0,0.2762,1.2428,,,,,,,,,,,,,,,,,,,,,0,0,,,,,,,,,,0,0,14115,487.2842,0.246228,796.0875,510.4488,1912,10,0.3452,3,0.1036,3,26,0.8976,10155,6334,218.6651,0.19816,10125,,,249,249,0,,,8.5961,3609,4236,82,3650,5089,85,-41,-853,-3,1,1,1,1,2,1,5197,7347,129,5135,8483,126,62,-1136,3,1,1,2,1,3,1,6949,10070,173,7567,11951,167,-618,-1881,6,1,3,2,3,6,2,8977,13258,233,9644,15564,199,-667,-2306,34,1,3,3,5,7,2
LOLTMNT04_182054,complete,,LEC,2026,Summer,0,2026-07-31 18:51:57,3,16.15,7,Red,jng,Sheo,oe:player:404079b4e478ea2a8b57904c640311b,Shifters,oe:team:a2065488a11a2c0a2403a7b347eec61,0,Wukong,Camille,Nocturne,Caitlyn,Anivia,Yone,,,,,,1738,0,2,7,4,8,28,0,0,0,0,0,0,0,0,0.2762,1.2428,,,,,,,,,,,,,,,,,,,,,0,1,,,,,,,,,,0,1,7634,263.5443,0.133171,993.0380,758.3544,0,6,0.2071,9,0.3107,3,38,1.3119,10040,6219,214.6951,0.194563,9983,,,141,10,131,,,4.8677,3461,3538,69,3854,4260,76,-393,-722,-7,0,2,1,1,2,0,4954,5494,103,5932,6689,113,-978,-1195,-10,0,2,2,1,7,0,6691,6779,117,8684,9382,145,-1993,-2603,-28,1,3,5,3,11,0,7982,8289,135,11220,12766,174,-3238,-4477,-39,1,3,5,4,14,0
LOLTMNT04_182054,complete,,LEC,2026,Summer,0,2026-07-31 18:51:57,3,16.15,8,Red,mid,nuc,oe:player:8f862245fbdb4d065e46c83630b9495,Shifters,oe:team:a2065488a11a2c0a2403a7b347eec61,0,Ryze,Camille,Nocturne,Caitlyn,Anivia,Yone,,,,,,1738,0,1,4,5,8,28,0,0,0,0,0,0,0,0,0.2762,1.2428,,,,,,,,,,,,,,,,,,,,,0,0,,,,,,,,,,0,0,16857,581.9448,0.29406,910.2186,645.4315,982,14,0.4833,8,0.2762,4,41,1.4154,10527,6706,231.5075,0.209799,10200,,,260,256,4,,,8.9758,3250,4801,84,3774,4947,98,-524,-146,-14,0,1,0,0,3,1,4737,6635,124,7049,8411,159,-2312,-1776,-35,0,1,1,4,3,1,6934,9618,185,9026,10515,192,-2092,-897,-7,0,4,1,5,6,2,8611,13267,231,11354,14665,266,-2743,-1398,-35,0,4,3,5,7,2
LOLTMNT04_182054,complete,,LEC,2026,Summer,0,2026-07-31 18:51:57,3,16.15,9,Red,bot,Paduck,oe:player:326f63d01099f1c8b91620cbc893813,Shifters,oe:team:a2065488a11a2c0a2403a7b347eec61,0,Kalista,Camille,Nocturne,Caitlyn,Anivia,Yone,,,,,,1738,0,3,5,2,8,28,0,0,0,0,0,0,0,0,0.2762,1.2428,,,,,,,,,,,,,,,,,,,,,0,0,,,,,,,,,,0,0,14034,484.4879,0.244815,546.5938,362.3820,13049,11,0.3797,7,0.2417,1,33,1.1392,13054,9233,318.7457,0.288858,12475,,,245,245,0,,,8.4580,3467,3944,89,3773,3926,88,-306,18,1,0,0,0,1,0,0,5423,6080,137,6795,5972,130,-1372,108,7,0,0,1,2,3,0,8869,8098,169,10543,8717,185,-1674,-619,-16,2,1,3,4,7,0,11282,10688,229,14331,12905,254,-3049,-2217,-25,2,1,3,5,10,0
LOLTMNT04_182054,complete,,LEC,2026,Summer,0,2026-07-31 18:51:57,3,16.15,10,Red,sup,Stend,oe:player:41672e17bc1f86dc5d93955c031d2a9,Shifters,oe:team:a2065488a11a2c0a2403a7b347eec61,0,Thresh,Camille,Nocturne,Caitlyn,Anivia,Yone,,,,,,1738,0,1,8,6,8,28,0,0,0,0,0,0,0,1,0.2762,1.2428,,,,,,,,,,,,,,,,,,,,,0,0,,,,,,,,,,0,0,4685,161.7376,0.081727,741.3349,788.2163,124,52,1.7952,10,0.3452,24,108,3.7284,7293,3472,119.8619,0.10862,7145,,,27,27,0,,,0.9321,2666,1964,13,2574,2036,19,92,-72,-6,1,1,2,1,1,0,3637,2682,15,4033,3084,29,-396,-402,-14,1,1,3,1,5,0,5013,5246,21,5448,4805,31,-435,441,-10,1,4,5,1,11,1,6150,5878,23,6884,7055,38,-734,-1177,-15,1,4,6,1,13,1
LOLTMNT04_182081,complete,,LEC,2026,Summer,0,2026-08-01 15:08:25,1,16.15,1,Blue,top,Oscarinin,oe:player:be9758f87345bcce47970a8f17b3c07,GiantX,oe:team:6cd05f0ac20bfb965a59dc8bcc4f184,0,Rumble,Lee Sin,Ezreal,Jayce,Akali,LeBlanc,,,,,,2524,0,4,4,8,15,19,0,0,0,0,0,0,0,0,0.3566,0.8082,,,,,,,,,,,,,,,,,,,,,0,0,,,,,,,,,,0,0,33565,797.9002,0.255899,873.5182,1427.3534,9873,13,0.3090,6,0.1426,6,43,1.0222,15369,9944,236.3867,0.190294,16250,,,324,320,4,,,7.7021,3376,5224,90,3578,5069,99,-202,155,-9,0,0,0,0,0,0,5054,9175,148,5295,8286,138,-241,889,10,0,0,0,0,0,0,7479,12580,198,6878,10270,174,601,2310,24,0,2,0,0,0,1,9317,15336,239,8410,13269,217,907,2067,22,1,2,0,0,1,1
LOLTMNT04_182081,complete,,LEC,2026,Summer,0,2026-08-01 15:08:25,1,16.15,2,Blue,jng,ISMA,oe:player:5450c7731de19c131ce20ea74933cc2,GiantX,oe:team:6cd05f0ac20bfb965a59dc8bcc4f184,0,Vi,Lee Sin,Ezreal,Jayce,Akali,LeBlanc,,,,,,2524,0,3,3,10,15,19,0,0,0,0,0,0,0,0,0.3566,0.8082,,,,,,,,,,,,,,,,,,,,,0,2,,,,,,,,,,0,0,21860,519.6513,0.16666,964.4929,1261.6878,1478,13,0.3090,20,0.4754,10,78,1.8542,16280,10855,258.0428,0.207727,15200,,,311,42,269,,,7.3930,3726,4187,78,3530,3925,72,196,262,6,1,0,1,0,2,0,5249,6185,113,5485,6292,109,-236,-107,4,1,0,1,1,2,0,7796,9431,166,7701,8129,142,95,1302,24,2,1,1,1,2,0,9476,11314,203,9287,10403,175,189,911,28,2,2,2,1,3,0
LOLTMNT04_182081,complete,,LEC,2026,Summer,0,2026-08-01 15:08:25,1,16.15,3,Blue,mid,Jackies,oe:player:204746c853a12888ad72d8035cdf8c7,GiantX,oe:team:6cd05f0ac20bfb965a59dc8bcc4f184,0,Syndra,Lee Sin,Ezreal,Jayce,Akali,LeBlanc,,,,,,2524,0,3,5,8,15,19,0,0,0,0,0,0,0,1,0.3566,0.8082,,,,,,,,,,,,,,,,,,,,,0,0,,,,,,,,,,0,0,30842,733.1696,0.235139,473.9857,274.6355,8657,25,0.5943,11,0.2615,9,68,1.6165,17726,12301,292.4168,0.235397,18025,,,377,375,2,,,8.9620,3627,4974,93,3950,5133,100,-323,-159,-7,0,1,1,1,1,1,5403,7295,140,5704,7658,156,-301,-363,-16,0,1,2,1,1,1,7803,9484,184,8324,10893,216,-521,-1409,-32,1,2,2,1,1,1,10139,12041,235,10213,14711,252,-74,-2670,-17,1,2,2,2,1,1
LOLTMNT04_182081,complete,,LEC,2026,Summer,0,2026-08-01 15:08:25,1,16.15,4,Blue,bot,Flakked,oe:player:717bb4d71a2dab54e7020b1a8fde420,GiantX,oe:team:6cd05f0ac20bfb965a59dc8bcc4f184,0,Lucian,Lee Sin,Ezreal,Jayce,Akali,LeBlanc,,,,,,2524,0,4,4,9,15,19,0,0,0,0,0,0,0,0,0.3566,0.8082,,,,,,,,,,,,,,,,,,,,,0,0,,,,,,,,,,0,0,37183,883.9065,0.283483,635.8003,412.6545,3155,24,0.5705,19,0.4517,9,63,1.4976,19809,14384,341.9334,0.275257,18850,,,400,381,19,,,9.5087,2969,3579,78,3747,4350,104,-778,-771,-26,0,0,0,0,0,0,5017,5983,123,6119,7179,161,-1102,-1196,-38,0,0,0,0,0,0,7484,9462,198,9084,9992,226,-1600,-530,-28,0,2,0,0,0,0,9929,11715,256,11393,12550,288,-1464,-835,-32,0,3,0,0,1,0
LOLTMNT04_182081,complete,,LEC,2026,Summer,0,2026-08-01 15:08:25,1,16.15,5,Blue,sup,Jun,oe:player:054e5f8aeb885db6713f4a3e7328efc,GiantX,oe:team:6cd05f0ac20bfb965a59dc8bcc4f184,0,Rell,Lee Sin,Ezreal,Jayce,Akali,LeBlanc,,,,,,2524,0,1,3,11,15,19,0,0,0,0,0,0,0,0,0.3566,0.8082,,,,,,,,,,,,,,,,,,,,,0,0,,,,,,,,,,0,0,7715,183.3994,0.058819,631.0935,811.4263,361,109,2.5911,28,0.6656,43,222,5.2773,10197,4772,113.4390,0.0913242,9705,,,43,43,0,,,1.0222,2440,2406,15,2891,2498,17,-451,-92,-2,0,1,0,1,1,0,3489,2852,20,4006,3338,22,-517,-486,-2,0,1,0,1,1,0,4696,4292,23,5267,4563,27,-571,-271,-4,0,3,0,1,1,1,5905,5856,28,6474,5438,34,-569,418,-6,0,4,0,1,2,2
LOLTMNT04_182081,complete,,LEC,2026,Summer,0,2026-08-01 15:08:25,1,16.15,6,Red,top,Wunder,oe:player:d11068c782573b34be81beb5a4eeb12,SK Gaming,oe:team:75760dca486d4682426196b76bd1a54,1,Gnar,Nocturne,Poppy,Locke,Vayne,Ambessa,,,,,,2524,1,0,4,8,19,15,0,0,0,0,0,0,0,0,0.4517,0.8082,,,,,,,,,,,,,,,,,,,,,0,0,,,,,,,,,,0,0,21256,505.2932,0.173351,855.4517,1049.9287,4137,25,0.5943,12,0.2853,7,83,1.9731,15484,10059,239.1204,0.174873,15458,,,355,347,8,,,8.4390,3578,5069,99,3376,5224,90,202,-155,9,0,0,0,0,0,0,5295,8286,138,5054,9175,148,241,-889,-10,0,0,0,0,0,0,6878,10270,174,7479,12580,198,-601,-2310,-24,0,0,1,0,2,0,8410,13269,217,9317,15336,239,-907,-2067,-22,0,1,1,1,2,0
LOLTMNT04_182081,complete,,LEC,2026,Summer,0,2026-08-01 15:08:25,1,16.15,7,Red,jng,Skeanz,oe:player:682275c2ba204d32b67f5fa94b928e4,SK Gaming,oe:team:75760dca486d4682426196b76bd1a54,1,Jarvan IV,Nocturne,Poppy,Locke,Vayne,Ambessa,,,,,,2524,1,3,2,13,19,15,0,0,0,0,1,0,1,0,0.4517,0.8082,,,,,,,,,,,,,,,,,,,,,2,0,,,,,,,,,,0,0,23035,547.5832,0.18786,998.7956,1341.6799,2283,14,0.3328,12,0.2853,12,69,1.6403,16104,10679,253.8590,0.185651,14950,,,246,19,227,,,5.8479,3530,3925,72,3726,4187,78,-196,-262,-6,0,2,0,1,0,1,5485,6292,109,5249,6185,113,236,107,-4,1,2,0,1,0,1,7701,8129,142,7796,9431,166,-95,-1302,-24,1,2,0,2,1,1,9287,10403,175,9476,11314,203,-189,-911,-28,1,3,0,2,2,2
LOLTMNT04_182081,complete,,LEC,2026,Summer,0,2026-08-01 15:08:25,1,16.15,8,Red,mid,SlowQ,oe:player:613a571a4b0b674547093130f2e4093,SK Gaming,oe:team:75760dca486d4682426196b76bd1a54,1,Cassiopeia,Nocturne,Poppy,Locke,Vayne,Ambessa,,,,,,2524,1,7,2,9,19,15,0,0,0,0,1,1,0,0,0.4517,0.8082,,,,,,,,,,,,,,,,,,,,,0,0,,,,,,,,,,0,0,25830,614.0254,0.210654,678.4469,759.6038,12371,28,0.6656,10,0.2377,11,62,1.4739,18522,13097,311.3391,0.227686,16575,,,354,342,12,,,8.4152,3950,5133,100,3627,4974,93,323,159,7,1,1,1,0,1,1,5704,7658,156,5403,7295,140,301,363,16,1,1,1,0,1,2,8324,10893,216,7803,9484,184,521,1409,32,1,1,1,1,2,2,10213,14711,252,10139,12041,235,74,2670,17,2,1,1,1,2,2
LOLTMNT04_182081,complete,,LEC,2026,Summer,0,2026-08-01 15:08:25,1,16.15,9,Red,bot,Jopa,oe:player:e214e8e906f16ec13e9a88de30dc181,SK Gaming,oe:team:75760dca486d4682426196b76bd1a54,1,Corki,Nocturne,Poppy,Locke,Vayne,Ambessa,,,,,,2524,1,7,2,5,19,15,3,0,0,0,0,0,0,0,0.4517,0.8082,,,,,,,,,,,,,,,,,,,,,0,0,,,,,,,,,,0,0,41655,990.2139,0.339714,637.7734,415.5309,15816,20,0.4754,20,0.4754,7,74,1.7591,22555,17130,407.2108,0.297795,19708,,,432,414,18,,,10.2694,3747,4350,104,2969,3579,78,778,771,26,0,0,0,0,0,0,6119,7179,161,5017,5983,123,1102,1196,38,0,0,0,0,0,0,9084,9992,226,7484,9462,198,1600,530,28,0,0,0,0,2,0,11393,12550,288,9929,11715,256,1464,835,32,0,1,0,0,3,0
LOLTMNT04_182081,complete,,LEC,2026,Summer,0,2026-08-01 15:08:25,1,16.15,10,Red,sup,Mikyx,oe:player:9d5052e9f9f4a63835f738441a3b1f6,SK Gaming,oe:team:75760dca486d4682426196b76bd1a54,1,Shen,Nocturne,Poppy,Locke,Vayne,Ambessa,,,,,,2524,1,2,5,13,19,15,0,0,0,0,1,0,1,0,0.4517,0.8082,,,,,,,,,,,,,,,,,,,,,0,0,,,,,,,,,,0,0,10842,257.7338,0.0884209,803.2488,1035.5230,1116,106,2.5198,26,0.6181,31,223,5.3011,11982,6557,155.8716,0.113994,11190,,,47,47,0,,,1.1173,2891,2498,17,2440,2406,15,451,92,2,1,1,0,0,1,0,4006,3338,22,3489,2852,20,517,486,2,1,1,0,0,1,0,5267,4563,27,4696,4292,23,571,271,4,1,1,1,0,3,0,6474,5438,34,5905,5856,28,569,-418,6,1,2,2,0,4,0
LOLTMNT04_182084,complete,,LEC,2026,Summer,0,2026-08-01 16:09:56,2,16.15,1,Blue,top,Oscarinin,oe:player:be9758f87345bcce47970a8f17b3c07,GiantX,oe:team:6cd05f0ac20bfb965a59dc8bcc4f184,1,Renekton,Ezreal,Lee Sin,Akali,Vayne,Twisted Fate,,,,,,2948,1,4,7,18,32,16,0,0,0,0,1,1,0,0,0.6513,0.9566,,,,,,,,,,,,,,,,,,,,,0,0,,,,,,,,,,1,0,72286,1471.2212,0.239196,1752.8833,2599.8033,5652,9,0.1832,10,0.2035,5,50,1.0176,19301,13011,264.8100,0.186648,16525,,,333,333,0,,,6.7775,4436,4698,93,3312,5096,92,1124,-398,1,2,2,2,0,0,1,6927,8454,150,5163,9083,157,1764,-629,-7,2,3,2,0,0,1,9500,11911,209,7137,11825,207,2363,86,2,3,5,2,0,0,2,11203,14829,234,8891,15000,247,2312,-171,-13,4,8,4,0,4,4
LOLTMNT04_182084,complete,,LEC,2026,Summer,0,2026-08-01 16:09:56,2,16.15,2,Blue,jng,ISMA,oe:player:5450c7731de19c131ce20ea74933cc2,GiantX,oe:team:6cd05f0ac20bfb965a59dc8bcc4f184,1,Xin Zhao,Ezreal,Lee Sin,Akali,Vayne,Twisted Fate,,,,,,2948,1,10,2,13,32,16,1,0,0,0,1,0,1,0,0.6513,0.9566,,,,,,,,,,,,,,,,,,,,,2,1,,,,,,,,,,0,0,71605,1457.3609,0.236943,1480.8480,1794.6065,9544,11,0.2239,18,0.3664,8,91,1.8521,22545,16255,330.8345,0.233183,18625,,,356,86,270,,,7.2456,4099,4427,78,3653,3854,68,446,573,10,1,4,0,1,1,2,6244,7026,114,5974,6284,110,270,742,4,2,4,1,2,2,2,9077,10049,154,7378,8224,139,1699,1825,15,3,7,1,2,2,3,10534,11887,186,9101,10960,166,1433,927,20,3,8,2,2,6,3
LOLTMNT04_182084,complete,,LEC,2026,Summer,0,2026-08-01 16:09:56,2,16.15,3,Blue,mid,Jackies,oe:player:204746c853a12888ad72d8035cdf8c7,GiantX,oe:team:6cd05f0ac20bfb965a59dc8bcc4f184,1,Ryze,Ezreal,Lee Sin,Akali,Vayne,Twisted Fate,,,,,,2948,1,11,2,7,32,16,2,1,0,0,0,0,0,0,0.6513,0.9566,,,,,,,,,,,,,,,,,,,,,1,0,,,,,,,,,,0,0,68118,1386.3908,0.225404,732.3134,668.4464,13634,24,0.4885,14,0.2849,6,72,1.4654,24153,17863,363.5617,0.256249,19650,,,485,467,18,,,9.8711,4094,5330,105,3394,4854,90,700,476,15,1,2,0,0,1,1,6282,8178,160,4823,7019,133,1459,1159,27,1,3,0,0,1,2,8822,11330,223,6828,9766,191,1994,1564,32,2,3,0,0,1,2,11538,15539,273,10138,12346,227,1400,3193,46,5,4,0,3,3,3
LOLTMNT04_182084,complete,,LEC,2026,Summer,0,2026-08-01 16:09:56,2,16.15,4,Blue,bot,Flakked,oe:player:717bb4d71a2dab54e7020b1a8fde420,GiantX,oe:team:6cd05f0ac20bfb965a59dc8bcc4f184,1,Viktor,Ezreal,Lee Sin,Akali,Vayne,Twisted Fate,,,,,,2948,1,6,2,11,32,16,1,0,0,0,0,0,0,0,0.6513,0.9566,,,,,,,,,,,,,,,,,,,,,0,0,,,,,,,,,,1,0,77981,1587.1303,0.258041,518.0801,636.0041,2004,25,0.5088,17,0.3460,9,95,1.9335,21255,14965,304.5794,0.214678,19025,,,412,392,20,,,8.3853,3518,4441,90,3431,4278,94,87,163,-4,1,0,0,0,1,1,6233,7549,154,6030,7101,151,203,448,3,2,0,0,1,2,2,8433,10283,200,7991,9659,210,442,624,-10,3,1,0,1,2,2,10098,12003,232,11281,12407,261,-1183,-404,-29,4,2,1,3,5,2
LOLTMNT04_182084,complete,,LEC,2026,Summer,0,2026-08-01 16:09:56,2,16.15,5,Blue,sup,Jun,oe:player:054e5f8aeb885db6713f4a3e7328efc,GiantX,oe:team:6cd05f0ac20bfb965a59dc8bcc4f184,1,Leona,Ezreal,Lee Sin,Akali,Vayne,Twisted Fate,,,,,,2948,1,1,3,23,32,16,0,0,0,0,1,0,1,0,0.6513,0.9566,,,,,,,,,,,,,,,,,,,,,0,0,,,,,,,,,,0,0,12214,248.5889,0.0404164,878.1411,1152.7815,257,128,2.6052,29,0.5902,46,271,5.5156,13905,7615,154.9864,0.109243,12150,,,47,47,0,,,0.9566,2876,2543,15,2783,1990,8,93,553,7,1,3,1,1,1,1,4376,3730,24,4093,3165,18,283,565,6,1,4,2,1,3,1,5867,5140,29,5300,3998,23,567,1142,6,1,7,2,1,3,3,7155,6314,34,6553,5263,27,602,1051,7,1,10,3,1,6,5
LOLTMNT04_182084,complete,,LEC,2026,Summer,0,2026-08-01 16:09:56,2,16.15,6,Red,top,Wunder,oe:player:d11068c782573b34be81beb5a4eeb12,SK Gaming,oe:team:75760dca486d4682426196b76bd1a54,0,Dr. Mundo,Camille,Locke,Jayce,Yone,Tristana,,,,,,2948,0,0,7,9,15,32,0,0,0,0,0,0,0,1,0.3053,0.9566,,,,,,,,,,,,,,,,,,,,,0,0,,,,,,,,,,0,1,57866,1177.7341,0.284151,3450.4681,3851.2754,15893,30,0.6106,8,0.1628,5,75,1.5265,18407,12117,246.6147,0.195064,18925,,,436,424,12,,,8.8738,3312,5096,92,4436,4698,93,-1124,398,-1,0,0,1,2,2,2,5163,9083,157,6927,8454,150,-1764,629,7,0,0,1,2,3,2,7137,11825,207,9500,11911,209,-2363,-86,-2,0,0,2,3,5,2,8891,15000,247,11203,14829,234,-2312,171,13,0,4,4,4,8,4
LOLTMNT04_182084,complete,,LEC,2026,Summer,0,2026-08-01 16:09:56,2,16.15,7,Red,jng,Skeanz,oe:player:682275c2ba204d32b67f5fa94b928e4,SK Gaming,oe:team:75760dca486d4682426196b76bd1a54,0,Nocturne,Camille,Locke,Jayce,Yone,Tristana,,,,,,2948,0,3,7,10,15,32,0,0,0,0,0,0,0,0,0.3053,0.9566,,,,,,,,,,,,,,,,,,,,,1,2,,,,,,,,,,0,0,24862,506.0109,0.122085,1217.8087,1184.7354,1161,20,0.4071,19,0.3867,11,86,1.7503,17713,11423,232.4898,0.183893,17075,,,309,31,278,,,6.2890,3653,3854,68,4099,4427,78,-446,-573,-10,1,1,2,1,4,0,5974,6284,110,6244,7026,114,-270,-742,-4,2,2,2,2,4,1,7378,8224,139,9077,10049,154,-1699,-1825,-15,2,2,3,3,7,1,9101,10960,166,10534,11887,186,-1433,-927,-20,2,6,3,3,8,2
LOLTMNT04_182084,complete,,LEC,2026,Summer,0,2026-08-01 16:09:56,2,16.15,8,Red,mid,SlowQ,oe:player:613a571a4b0b674547093130f2e4093,SK Gaming,oe:team:75760dca486d4682426196b76bd1a54,0,Sylas,Camille,Locke,Jayce,Yone,Tristana,,,,,,2948,0,4,6,6,15,32,0,0,0,0,0,0,0,0,0.3053,0.9566,,,,,,,,,,,,,,,,,,,,,0,1,,,,,,,,,,0,0,37592,765.1018,0.184596,1091.5604,1135.9701,3887,29,0.5902,6,0.1221,11,62,1.2619,21016,14726,299.7151,0.237064,20635,,,462,462,0,,,9.4030,3394,4854,90,4094,5330,105,-700,-476,-15,0,1,1,1,2,0,4823,7019,133,6282,8178,160,-1459,-1159,-27,0,1,2,1,3,0,6828,9766,191,8822,11330,223,-1994,-1564,-32,0,1,2,2,3,0,10138,12346,227,11538,15539,273,-1400,-3193,-46,3,3,3,5,4,0
LOLTMNT04_182084,complete,,LEC,2026,Summer,0,2026-08-01 16:09:56,2,16.15,9,Red,bot,Jopa,oe:player:e214e8e906f16ec13e9a88de30dc181,SK Gaming,oe:team:75760dca486d4682426196b76bd1a54,0,Varus,Camille,Locke,Jayce,Yone,Tristana,,,,,,2948,0,7,5,7,15,32,0,0,0,0,0,0,0,0,0.3053,0.9566,,,,,,,,,,,,,,,,,,,,,0,0,,,,,,,,,,0,1,74814,1522.6730,0.367375,526.8318,314.2469,10591,13,0.2646,18,0.3664,5,54,1.0991,23158,16868,343.3107,0.271545,23625,,,420,404,16,,,8.5482,3431,4278,94,3518,4441,90,-87,-163,4,0,1,1,1,0,0,6030,7101,151,6233,7549,154,-203,-448,-3,1,2,2,2,0,0,7991,9659,210,8433,10283,200,-442,-624,10,1,2,2,3,1,0,11281,12407,261,10098,12003,232,1183,404,29,3,5,2,4,2,1
LOLTMNT04_182084,complete,,LEC,2026,Summer,0,2026-08-01 16:09:56,2,16.15,10,Red,sup,Mikyx,oe:player:9d5052e9f9f4a63835f738441a3b1f6,SK Gaming,oe:team:75760dca486d4682426196b76bd1a54,0,Alistar,Camille,Locke,Jayce,Yone,Tristana,,,,,,2948,0,1,7,12,15,32,0,0,0,0,0,0,0,0,0.3053,0.9566,,,,,,,,,,,,,,,,,,,,,0,0,,,,,,,,,,0,0,8511,173.2225,0.0417933,999.5047,1756.5061,91,131,2.6662,33,0.6716,51,280,5.6988,13274,6984,142.1438,0.112435,12305,,,49,45,4,,,0.9973,2783,1990,8,2876,2543,15,-93,-553,-7,1,1,1,1,3,1,4093,3165,18,4376,3730,24,-283,-565,-6,1,3,1,1,4,2,5300,3998,23,5867,5140,29,-567,-1142,-6,1,3,3,1,7,2,6553,5263,27,7155,6314,34,-602,-1051,-7,1,6,5,1,10,3
LOLTMNT04_181065,complete,,LEC,2026,Summer,0,2026-08-01 17:17:50,3,16.15,1,Blue,top,Oscarinin,oe:player:be9758f87345bcce47970a8f17b3c07,GiantX,oe:team:6cd05f0ac20bfb965a59dc8bcc4f184,1,Ambessa,Lee Sin,Ezreal,Akali,Caitlyn,Kalista,,,,,,1569,0,0,3,0,1,12,0,0,0,0,0,0,0,0,0.0382,0.4971,,,,,,,,,,,,,,,,,,,,,0,0,,,,,,,,,,0,0,11279,431.3193,0.272894,766.1185,921.1855,6883,7,0.2677,4,0.1530,2,25,0.9560,8859,5383,205.8509,0.207662,8750,,,243,243,0,,,9.2925,3222,4901,79,3343,4821,86,-121,80,-7,0,0,0,0,0,0,4840,7947,125,5199,8518,144,-359,-571,-19,0,0,0,0,0,0,7019,11379,192,7150,12161,192,-131,-782,0,0,0,1,0,3,0,8592,14133,238,10091,15950,242,-1499,-1817,-4,0,0,2,1,3,0
LOLTMNT04_181065,complete,,LEC,2026,Summer,0,2026-08-01 17:17:50,3,16.15,2,Blue,jng,ISMA,oe:player:5450c7731de19c131ce20ea74933cc2,GiantX,oe:team:6cd05f0ac20bfb965a59dc8bcc4f184,1,Skarner,Lee Sin,Ezreal,Akali,Caitlyn,Kalista,,,,,,1569,0,0,3,0,1,12,0,0,0,0,0,0,0,0,0.0382,0.4971,,,,,,,,,,,,,,,,,,,,,0,1,,,,,,,,,,0,1,5526,211.3193,0.133701,947.5335,1136.8260,0,9,0.3442,8,0.3059,6,38,1.4532,8292,4816,184.1683,0.185787,8100,,,187,8,179,,,7.1511,3551,4489,84,3675,3798,71,-124,691,13,0,0,0,1,0,0,5135,6749,125,5321,6106,112,-186,643,13,0,0,0,1,0,0,6622,8718,156,7674,9255,157,-1052,-537,-1,0,0,1,2,3,0,8152,10904,187,9849,12003,183,-1697,-1099,4,0,0,2,2,5,0
LOLTMNT04_181065,complete,,LEC,2026,Summer,0,2026-08-01 17:17:50,3,16.15,3,Blue,mid,Jackies,oe:player:204746c853a12888ad72d8035cdf8c7,GiantX,oe:team:6cd05f0ac20bfb965a59dc8bcc4f184,1,Locke,Lee Sin,Ezreal,Akali,Caitlyn,Kalista,,,,,,1569,0,0,3,0,1,12,0,0,0,0,0,0,0,1,0.0382,0.4971,,,,,,,,,,,,,,,,,,,,,0,0,,,,,,,,,,0,0,6059,231.7017,0.146597,787.1128,648.7572,2034,4,0.1530,6,0.2294,1,23,0.8795,8659,5183,198.2027,0.199946,8575,,,246,246,0,,,9.4073,3243,5045,87,3686,5338,91,-443,-293,-4,0,0,1,0,1,0,5046,8242,150,5191,8022,140,-145,220,10,0,0,1,0,1,1,6532,10238,185,7345,10966,181,-813,-728,4,0,0,2,1,4,1,8454,12940,245,10028,15222,237,-1574,-2282,8,0,0,2,1,6,1
LOLTMNT04_181065,complete,,LEC,2026,Summer,0,2026-08-01 17:17:50,3,16.15,4,Blue,bot,Flakked,oe:player:717bb4d71a2dab54e7020b1a8fde420,GiantX,oe:team:6cd05f0ac20bfb965a59dc8bcc4f184,1,Xayah,Lee Sin,Ezreal,Akali,Caitlyn,Kalista,,,,,,1569,0,1,3,0,1,12,0,0,0,0,0,0,0,0,0.0382,0.4971,,,,,,,,,,,,,,,,,,,,,0,0,,,,,,,,,,0,0,15064,576.0612,0.364472,634.6080,370.2103,3483,11,0.4207,9,0.3442,4,35,1.3384,11335,7859,300.5354,0.303186,11375,,,268,268,0,,,10.2486,3623,3685,102,3577,3525,103,46,160,-1,0,0,0,0,0,0,6582,6443,163,6072,5898,153,510,545,10,1,0,0,0,0,0,8915,8172,210,9826,8667,224,-911,-495,-14,1,0,1,2,2,0,10774,10666,262,13670,12065,283,-2896,-1399,-21,1,0,2,4,3,0
LOLTMNT04_181065,complete,,LEC,2026,Summer,0,2026-08-01 17:17:50,3,16.15,5,Blue,sup,Jun,oe:player:054e5f8aeb885db6713f4a3e7328efc,GiantX,oe:team:6cd05f0ac20bfb965a59dc8bcc4f184,1,Rakan,Lee Sin,Ezreal,Akali,Caitlyn,Kalista,,,,,,1569,0,0,0,1,1,12,0,0,0,0,0,0,0,0,0.0382,0.4971,,,,,,,,,,,,,,,,,,,,,0,0,,,,,,,,,,0,0,3403,130.1338,0.0823353,441.4149,587.9924,440,53,2.0268,10,0.3824,18,117,4.4742,6157,2681,102.5239,0.103419,5990,,,32,32,0,,,1.2237,2401,3032,19,2404,3137,17,-3,-105,2,0,0,0,0,0,0,3741,4506,24,3514,4160,25,227,346,-1,0,1,0,0,0,0,4788,5449,26,4849,6446,28,-61,-997,-2,0,1,0,0,4,0,5940,7173,31,6686,8703,32,-746,-1530,-1,0,1,0,0,7,0
LOLTMNT04_181065,complete,,LEC,2026,Summer,0,2026-08-01 17:17:50,3,16.15,6,Red,top,Wunder,oe:player:d11068c782573b34be81beb5a4eeb12,SK Gaming,oe:team:75760dca486d4682426196b76bd1a54,0,Volibear,Jayce,Camille,Poppy,Nautilus,Seraphine,,,,,,1569,1,1,0,5,12,1,0,0,0,0,0,0,0,0,0.4589,0.4971,,,,,,,,,,,,,,,,,,,,,0,0,,,,,,,,,,0,0,17329,662.6769,0.23951,887.1893,1063.9388,15095,12,0.4589,4,0.1530,2,32,1.2237,10884,7408,283.2887,0.192952,10000,,,248,248,0,,,9.4837,3343,4821,86,3222,4901,79,121,-80,7,0,0,0,0,0,0,5199,8518,144,4840,7947,125,359,571,19,0,0,0,0,0,0,7150,12161,192,7019,11379,192,131,782,0,0,3,0,0,0,1,10091,15950,242,8592,14133,238,1499,1817,4,1,3,0,0,0,2
LOLTMNT04_181065,complete,,LEC,2026,Summer,0,2026-08-01 17:17:50,3,16.15,7,Red,jng,Skeanz,oe:player:682275c2ba204d32b67f5fa94b928e4,SK Gaming,oe:team:75760dca486d4682426196b76bd1a54,0,Wukong,Jayce,Camille,Poppy,Nautilus,Seraphine,,,,,,1569,1,3,0,5,12,1,0,0,0,0,1,1,0,0,0.4589,0.4971,,,,,,,,,,,,,,,,,,,,,1,0,,,,,,,,,,1,0,6556,250.7075,0.0906126,547.4187,538.0880,9200,5,0.1912,7,0.2677,3,30,1.1472,10928,7452,284.9713,0.194098,9158,,,187,11,176,,,7.1511,3675,3798,71,3551,4489,84,124,-691,-13,1,0,0,0,0,0,5321,6106,112,5135,6749,125,186,-643,-13,1,0,0,0,0,0,7674,9255,157,6622,8718,156,1052,537,1,2,3,0,0,0,1,9849,12003,183,8152,10904,187,1697,1099,-4,2,5,0,0,0,2
LOLTMNT04_181065,complete,,LEC,2026,Summer,0,2026-08-01 17:17:50,3,16.15,8,Red,mid,SlowQ,oe:player:613a571a4b0b674547093130f2e4093,SK Gaming,oe:team:75760dca486d4682426196b76bd1a54,0,Galio,Jayce,Camille,Poppy,Nautilus,Seraphine,,,,,,1569,1,2,1,9,12,1,0,0,0,0,1,0,1,0,0.4589,0.4971,,,,,,,,,,,,,,,,,,,,,0,0,,,,,,,,,,0,0,14805,566.1568,0.204625,721.2237,802.9063,6622,16,0.6119,1,0.0382,8,28,1.0707,10963,7487,286.3098,0.195009,9900,,,239,239,0,,,9.1396,3686,5338,91,3243,5045,87,443,293,4,0,1,0,0,0,1,5191,8022,140,5046,8242,150,145,-220,-10,0,1,1,0,0,1,7345,10966,181,6532,10238,185,813,728,-4,1,4,1,0,0,2,10028,15222,237,8454,12940,245,1574,2282,-8,1,6,1,0,0,2
LOLTMNT04_181065,complete,,LEC,2026,Summer,0,2026-08-01 17:17:50,3,16.15,9,Red,bot,Jopa,oe:player:e214e8e906f16ec13e9a88de30dc181,SK Gaming,oe:team:75760dca486d4682426196b76bd1a54,0,Yunara,Jayce,Camille,Poppy,Nautilus,Seraphine,,,,,,1569,1,6,0,4,12,1,3,0,0,0,0,0,0,0,0.4589,0.4971,,,,,,,,,,,,,,,,,,,,,0,0,,,,,,,,,,0,0,27826,1064.0918,0.384592,435.6405,297.8585,8898,14,0.5354,7,0.2677,5,35,1.3384,15518,12042,460.4971,0.313656,12350,,,299,291,8,,,11.4340,3577,3525,103,3623,3685,102,-46,-160,1,0,0,0,0,0,0,6072,5898,153,6582,6443,163,-510,-545,-10,0,0,0,1,0,0,9826,8667,224,8915,8172,210,911,495,14,2,2,0,1,0,1,13670,12065,283,10774,10666,262,2896,1399,21,4,3,0,1,0,2
LOLTMNT04_181065,complete,,LEC,2026,Summer,0,2026-08-01 17:17:50,3,16.15,10,Red,sup,Mikyx,oe:player:9d5052e9f9f4a63835f738441a3b1f6,SK Gaming,oe:team:75760dca486d4682426196b76bd1a54,0,Lulu,Jayce,Camille,Poppy,Nautilus,Seraphine,,,,,,1569,1,0,0,10,12,1,0,0,0,0,0,0,0,0,0.4589,0.4971,,,,,,,,,,,,,,,,,,,,,0,0,,,,,,,,,,0,0,5836,223.1740,0.0806612,185.8126,87.6099,1184,54,2.0650,12,0.4589,23,126,4.8184,7480,4004,153.1166,0.104285,5435,,,32,32,0,,,1.2237,2404,3137,17,2401,3032,19,3,105,-2,0,0,0,0,0,0,3514,4160,25,3741,4506,24,-227,-346,1,0,0,0,0,1,0,4849,6446,28,4788,5449,26,61,997,2,0,4,0,0,1,0,6686,8703,32,5940,7173,31,746,1530,1,0,7,0,0,1,0
LOLTMNT04_181079,complete,,LEC,2026,Summer,0,2026-08-01 18:36:35,1,16.15,1,Blue,top,Canna,oe:player:7577c239c73fa5f3011cd7b5503e75e,Karmine Corp,oe:team:f3aa9bbd924ce3af42ac53f8326bc7c,1,Gnar,Poppy,Akali,Nocturne,Vayne,Olaf,,,,,,2409,1,7,1,6,19,14,1,1,0,0,0,0,0,0,0.4732,0.8219,,,,,,,,,,,,,,,,,,,,,0,0,,,,,,,,,,1,0,25545,636.2391,0.20418,891.1582,1136.8618,8432,18,0.4483,16,0.3985,8,66,1.6438,18042,12852,320.0996,0.218397,16383,,,394,382,12,,,9.8132,3297,5180,91,3821,5345,94,-524,-165,-3,0,0,0,1,0,0,5417,9161,147,5575,8972,143,-158,189,4,1,0,0,1,0,0,7661,12085,203,7548,12111,198,113,-26,5,2,0,0,1,0,0,9126,14262,238,9604,15091,220,-478,-829,18,2,1,1,3,1,0
LOLTMNT04_181079,complete,,LEC,2026,Summer,0,2026-08-01 18:36:35,1,16.15,2,Blue,jng,Yike,oe:player:4203fc46c4c6333e9bfa9d0a8618677,Karmine Corp,oe:team:f3aa9bbd924ce3af42ac53f8326bc7c,1,Vi,Poppy,Akali,Nocturne,Vayne,Olaf,,,,,,2409,1,1,5,5,19,14,0,0,0,0,0,0,0,1,0.4732,0.8219,,,,,,,,,,,,,,,,,,,,,0,1,,,,,,,,,,0,0,9247,230.3113,0.073911,696.0149,980.9465,6776,14,0.3487,20,0.4981,12,85,2.1171,15709,10519,261.9925,0.178752,13400,,,293,40,253,,,7.2976,3274,3720,66,3738,4097,81,-464,-377,-15,0,0,2,0,2,0,4961,6359,109,5534,6419,127,-573,-60,-18,0,0,2,0,2,0,6756,8505,140,7915,9807,174,-1159,-1302,-34,0,0,3,1,3,0,8790,11879,191,9927,12452,208,-1137,-573,-17,0,0,4,1,6,1
LOLTMNT04_181079,complete,,LEC,2026,Summer,0,2026-08-01 18:36:35,1,16.15,3,Blue,mid,kyeahoo,oe:player:308e48bf56284c09a1a9aadf55bc80c,Karmine Corp,oe:team:f3aa9bbd924ce3af42ac53f8326bc7c,1,Syndra,Poppy,Akali,Nocturne,Vayne,Olaf,,,,,,2409,1,5,2,8,19,14,1,0,0,0,0,0,0,0,0.4732,0.8219,,,,,,,,,,,,,,,,,,,,,0,0,,,,,,,,,,0,1,35172,876.0149,0.281129,497.3848,270.8842,22105,21,0.5230,18,0.4483,7,83,2.0672,20356,15166,377.7335,0.257719,20075,,,400,399,1,,,9.9626,3481,5196,100,3313,4680,84,168,516,16,0,0,0,1,0,0,5065,7571,142,4842,6844,133,223,727,9,0,1,0,1,0,1,7684,10404,203,6889,10056,191,795,348,12,0,2,1,1,1,1,9990,13360,261,8713,13352,230,1277,8,31,0,3,1,1,4,1
LOLTMNT04_181079,complete,,LEC,2026,Summer,0,2026-08-01 18:36:35,1,16.15,4,Blue,bot,Caliste,oe:player:e2af2b779499aa25ab9a9c10c9a5ffd,Karmine Corp,oe:team:f3aa9bbd924ce3af42ac53f8326bc7c,1,Viktor,Poppy,Akali,Nocturne,Vayne,Olaf,,,,,,2409,1,5,3,9,19,14,0,0,0,0,0,0,0,0,0.4732,0.8219,,,,,,,,,,,,,,,,,,,,,1,0,,,,,,,,,,0,0,47219,1176.0648,0.37742,570.0623,724.0847,3279,20,0.4981,7,0.1743,3,44,1.0959,19509,14319,356.6376,0.243326,18925,,,421,408,13,,,10.4857,3622,4255,103,3400,4469,94,222,-214,9,0,0,0,0,0,0,5796,7077,159,5910,7500,155,-114,-423,4,0,1,0,0,0,0,7868,9982,220,8774,11165,222,-906,-1183,-2,0,1,1,1,1,0,10545,12765,273,12015,14666,279,-1470,-1901,-6,1,1,1,2,2,0
LOLTMNT04_181079,complete,,LEC,2026,Summer,0,2026-08-01 18:36:35,1,16.15,5,Blue,sup,Busio,oe:player:3e722c8ede909c83af9342c41805a16,Karmine Corp,oe:team:f3aa9bbd924ce3af42ac53f8326bc7c,1,Shen,Poppy,Akali,Nocturne,Vayne,Olaf,,,,,,2409,1,1,3,16,19,14,0,0,0,0,0,0,0,0,0.4732,0.8219,,,,,,,,,,,,,,,,,,,,,0,0,,,,,,,,,,0,0,7927,197.4346,0.0633602,602.8643,880.9963,809,104,2.5903,32,0.7970,28,221,5.5044,11181,5991,149.2154,0.101807,10105,,,57,57,0,,,1.4197,2295,2403,25,2356,2204,12,-61,199,13,0,0,0,0,1,0,3408,3155,33,3550,3160,15,-142,-5,18,0,1,0,0,1,0,4651,3640,41,5177,5368,20,-526,-1728,21,0,1,0,1,3,1,5824,4109,46,6904,7104,33,-1080,-2995,13,0,2,1,1,6,1
LOLTMNT04_181079,complete,,LEC,2026,Summer,0,2026-08-01 18:36:35,1,16.15,6,Red,top,Maynter,oe:player:63dd174baf11b12006e5dc29c2269a1,Natus Vincere,oe:team:d2ba9f92d85cff67d60aaad88e61048,0,Rumble,Jayce,Orianna,Locke,Kai'Sa,Galio,,,,,,2409,0,4,4,5,14,19,1,0,0,0,1,1,0,0,0.3487,0.8219,,,,,,,,,,,,,,,,,,,,,0,0,,,,,,,,,,0,1,22275,554.7945,0.221595,641.0959,642.9888,6345,22,0.5479,6,0.1494,10,70,1.7435,15241,10051,250.3362,0.203157,15300,,,312,301,11,,,7.7709,3821,5345,94,3297,5180,91,524,165,3,1,0,0,0,0,0,5575,8972,143,5417,9161,147,158,-189,-4,1,0,0,1,0,0,7548,12111,198,7661,12085,203,-113,26,-5,1,0,0,2,0,0,9604,15091,220,9126,14262,238,478,829,-18,3,1,0,2,1,1
LOLTMNT04_181079,complete,,LEC,2026,Summer,0,2026-08-01 18:36:35,1,16.15,7,Red,jng,Rhilech,oe:player:cbe20c64274a87a21e5bdac1ccc3e77,Natus Vincere,oe:team:d2ba9f92d85cff67d60aaad88e61048,0,Jarvan IV,Jayce,Orianna,Locke,Kai'Sa,Galio,,,,,,2409,0,2,5,10,14,19,0,0,0,0,1,0,1,0,0.3487,0.8219,,,,,,,,,,,,,,,,,,,,,1,0,,,,,,,,,,0,0,18765,467.3724,0.186677,1058.4558,1400.9714,1096,18,0.4483,20,0.4981,15,80,1.9925,14421,9231,229.9128,0.186583,14175,,,266,30,236,,,6.6252,3738,4097,81,3274,3720,66,464,377,15,0,2,0,0,0,2,5534,6419,127,4961,6359,109,573,60,18,0,2,0,0,0,2,7915,9807,174,6756,8505,140,1159,1302,34,1,3,0,0,0,3,9927,12452,208,8790,11879,191,1137,573,17,1,6,1,0,0,4
LOLTMNT04_181079,complete,,LEC,2026,Summer,0,2026-08-01 18:36:35,1,16.15,8,Red,mid,Poby,oe:player:4e0ee55680fa265c49e158f85e26650,Natus Vincere,oe:team:d2ba9f92d85cff67d60aaad88e61048,0,Cassiopeia,Jayce,Orianna,Locke,Kai'Sa,Galio,,,,,,2409,0,2,3,6,14,19,0,0,0,0,0,0,0,0,0.3487,0.8219,,,,,,,,,,,,,,,,,,,,,0,0,,,,,,,,,,1,0,16029,399.2279,0.159459,835.4919,858.5305,5014,22,0.5479,4,0.0996,9,46,1.1457,14579,9389,233.8481,0.189776,14675,,,333,317,16,,,8.2939,3313,4680,84,3481,5196,100,-168,-516,-16,1,0,0,0,0,0,4842,6844,133,5065,7571,142,-223,-727,-9,1,0,1,0,1,0,6889,10056,191,7684,10404,203,-795,-348,-12,1,1,1,0,2,1,8713,13352,230,9990,13360,261,-1277,-8,-31,1,4,1,0,3,1
LOLTMNT04_181079,complete,,LEC,2026,Summer,0,2026-08-01 18:36:35,1,16.15,9,Red,bot,SamD,oe:player:bc4f68ea698f26bb1e2f6d34f900f57,Natus Vincere,oe:team:d2ba9f92d85cff67d60aaad88e61048,0,Ezreal,Jayce,Orianna,Locke,Kai'Sa,Galio,,,,,,2409,0,3,3,4,14,19,0,0,0,0,0,0,0,0,0.3487,0.8219,,,,,,,,,,,,,,,,,,,,,0,1,,,,,,,,,,0,0,32251,803.2628,0.320838,773.5990,433.2752,15218,20,0.4981,10,0.2491,4,45,1.1208,19243,14053,350.0125,0.284048,18933,,,399,391,8,,,9.9377,3400,4469,94,3622,4255,103,-222,214,-9,0,0,0,0,0,0,5910,7500,155,5796,7077,159,114,423,-4,0,0,0,0,1,0,8774,11165,222,7868,9982,220,906,1183,2,1,1,0,0,1,1,12015,14666,279,10545,12765,273,1470,1901,6,2,2,0,1,1,1
LOLTMNT04_181079,complete,,LEC,2026,Summer,0,2026-08-01 18:36:35,1,16.15,10,Red,sup,Parus,oe:player:a9cfbc13e22eefdd22af7b346ce2af4,Natus Vincere,oe:team:d2ba9f92d85cff67d60aaad88e61048,0,Bard,Jayce,Orianna,Locke,Kai'Sa,Galio,,,,,,2409,0,3,4,9,14,19,0,0,0,0,0,0,0,0,0.3487,0.8219,,,,,,,,,,,,,,,,,,,,,0,0,,,,,,,,,,0,0,11201,278.9788,0.111429,647.1731,513.2254,273,99,2.4658,44,1.0959,43,257,6.4010,11940,6750,168.1196,0.136436,11100,,,55,55,0,,,1.3699,2356,2204,12,2295,2403,25,61,-199,-13,0,1,0,0,0,0,3550,3160,15,3408,3155,33,142,5,-18,0,1,0,0,1,0,5177,5368,20,4651,3640,41,526,1728,-21,1,3,1,0,1,0,6904,7104,33,5824,4109,46,1080,2995,-13,1,6,1,0,2,1
LOLTMNT04_181081,complete,,LEC,2026,Summer,0,2026-08-01 19:41:26,2,16.15,1,Blue,top,Canna,oe:player:7577c239c73fa5f3011cd7b5503e75e,Karmine Corp,oe:team:f3aa9bbd924ce3af42ac53f8326bc7c,1,Ambessa,Poppy,Akali,Nocturne,Vayne,Renekton,,,,,,1991,1,7,4,4,19,14,1,0,0,0,0,0,0,0,0.5726,0.9945,,,,,,,,,,,,,,,,,,,,,0,0,,,,,,,,,,1,0,27183,819.1763,0.266317,973.4706,1332.2049,8861,16,0.4822,7,0.2109,3,44,1.3260,13832,9495,286.1376,0.212826,12450,,,261,257,4,,,7.8654,3686,4836,89,2992,4577,71,694,259,18,1,0,0,0,0,0,5327,7950,130,4332,7363,99,995,587,31,1,1,1,0,1,1,7445,11096,176,6509,10205,144,936,891,32,2,2,2,1,2,1,9540,14344,226,7988,12674,183,1552,1670,43,2,3,2,1,3,2
LOLTMNT04_181081,complete,,LEC,2026,Summer,0,2026-08-01 19:41:26,2,16.15,2,Blue,jng,Yike,oe:player:4203fc46c4c6333e9bfa9d0a8618677,Karmine Corp,oe:team:f3aa9bbd924ce3af42ac53f8326bc7c,1,Skarner,Poppy,Akali,Nocturne,Vayne,Renekton,,,,,,1991,1,3,5,9,19,14,1,0,0,0,0,0,0,1,0.5726,0.9945,,,,,,,,,,,,,,,,,,,,,0,0,,,,,,,,,,0,0,18469,556.5746,0.180944,1108.1768,1625.0628,2206,14,0.4219,14,0.4219,10,62,1.8684,12367,8030,241.9890,0.179988,10850,,,199,29,170,,,5.9970,3925,3668,68,3616,3719,67,309,-51,1,2,2,1,1,2,2,5659,5696,107,5973,6074,98,-314,-378,9,2,3,2,3,4,2,7653,7909,138,8313,8853,134,-660,-944,4,3,4,4,4,7,3,8953,9062,155,9938,11100,170,-985,-2038,-15,3,4,5,4,8,3
LOLTMNT04_181081,complete,,LEC,2026,Summer,0,2026-08-01 19:41:26,2,16.15,3,Blue,mid,kyeahoo,oe:player:308e48bf56284c09a1a9aadf55bc80c,Karmine Corp,oe:team:f3aa9bbd924ce3af42ac53f8326bc7c,1,Anivia,Poppy,Akali,Nocturne,Vayne,Renekton,,,,,,1991,1,5,0,11,19,14,0,0,0,0,0,0,0,0,0.5726,0.9945,,,,,,,,,,,,,,,,,,,,,0,0,,,,,,,,,,0,0,25609,771.7428,0.250896,598.2823,257.3882,8188,11,0.3315,7,0.2109,7,42,1.2657,14155,9818,295.8714,0.220066,13535,,,236,235,1,,,7.1120,4018,4512,67,4002,4547,89,16,-35,-22,2,2,0,2,1,1,5749,6643,112,6366,7247,136,-617,-604,-24,2,2,0,3,2,1,7449,8689,141,8619,10007,185,-1170,-1318,-44,3,4,0,4,5,2,9034,11674,162,10385,12721,234,-1351,-1047,-72,4,4,0,4,5,2
LOLTMNT04_181081,complete,,LEC,2026,Summer,0,2026-08-01 19:41:26,2,16.15,4,Blue,bot,Caliste,oe:player:e2af2b779499aa25ab9a9c10c9a5ffd,Karmine Corp,oe:team:f3aa9bbd924ce3af42ac53f8326bc7c,1,Jhin,Poppy,Akali,Nocturne,Vayne,Renekton,,,,,,1991,1,4,2,8,19,14,0,0,0,0,0,0,0,0,0.5726,0.9945,,,,,,,,,,,,,,,,,,,,,1,0,,,,,,,,,,0,0,22987,692.7273,0.225208,425.3340,249.4927,17378,15,0.4520,2,0.0603,3,27,0.8137,17181,12844,387.0618,0.287894,14275,,,357,342,15,,,10.7584,3466,4233,92,3913,4896,102,-447,-663,-10,0,0,0,0,0,0,5716,6390,139,7680,8361,163,-1964,-1971,-24,1,0,2,1,2,0,8153,9558,202,10259,11313,215,-2106,-1755,-13,1,2,2,1,5,0,10076,11850,248,12670,13644,265,-2594,-1794,-17,1,2,2,2,5,0
LOLTMNT04_181081,complete,,LEC,2026,Summer,0,2026-08-01 19:41:26,2,16.15,5,Blue,sup,Busio,oe:player:3e722c8ede909c83af9342c41805a16,Karmine Corp,oe:team:f3aa9bbd924ce3af42ac53f8326bc7c,1,Leona,Poppy,Akali,Nocturne,Vayne,Renekton,,,,,,1991,1,0,3,10,19,14,0,0,0,0,0,0,0,0,0.5726,0.9945,,,,,,,,,,,,,,,,,,,,,0,0,,,,,,,,,,0,0,7822,235.7207,0.0766337,605.5751,617.4787,0,67,2.0191,20,0.6027,19,152,4.5806,8764,4427,133.4103,0.0992262,7555,,,41,41,0,,,1.2356,2797,2151,13,2722,1946,16,75,205,-3,0,4,2,0,3,2,3965,3378,21,3991,2861,22,-26,517,-1,0,5,2,0,5,2,4998,4354,25,5439,3852,25,-441,502,0,0,5,3,1,5,3,6160,5228,32,6611,4231,29,-451,997,3,0,5,3,1,6,3
LOLTMNT04_181081,complete,,LEC,2026,Summer,0,2026-08-01 19:41:26,2,16.15,6,Red,top,Maynter,oe:player:63dd174baf11b12006e5dc29c2269a1,Natus Vincere,oe:team:d2ba9f92d85cff67d60aaad88e61048,0,Zaahen,Jayce,Orianna,Locke,Kai'Sa,Sivir,,,,,,1991,0,1,4,4,14,19,0,0,0,0,0,0,0,0,0.4219,0.9945,,,,,,,,,,,,,,,,,,,,,0,0,,,,,,,,,,0,1,12931,389.6836,0.137279,1255.2084,991.0397,10945,6,0.1808,11,0.3315,2,35,1.0547,11449,7112,214.3245,0.173946,11383,,,250,246,4,,,7.5339,2992,4577,71,3686,4836,89,-694,-259,-18,0,0,0,1,0,0,4332,7363,99,5327,7950,130,-995,-587,-31,0,1,1,1,1,1,6509,10205,144,7445,11096,176,-936,-891,-32,1,2,1,2,2,2,7988,12674,183,9540,14344,226,-1552,-1670,-43,1,3,2,2,3,2
LOLTMNT04_181081,complete,,LEC,2026,Summer,0,2026-08-01 19:41:26,2,16.15,7,Red,jng,Rhilech,oe:player:cbe20c64274a87a21e5bdac1ccc3e77,Natus Vincere,oe:team:d2ba9f92d85cff67d60aaad88e61048,0,Lee Sin,Jayce,Orianna,Locke,Kai'Sa,Sivir,,,,,,1991,0,4,5,10,14,19,0,0,0,0,1,0,1,0,0.4219,0.9945,,,,,,,,,,,,,,,,,,,,,0,0,,,,,,,,,,0,0,16907,509.5028,0.179489,1047.0618,1232.4259,0,17,0.5123,10,0.3014,8,61,1.8383,12618,8281,249.5530,0.202539,12300,,,221,12,209,,,6.6600,3616,3719,67,3925,3668,68,-309,51,-1,1,2,2,2,2,1,5973,6074,98,5659,5696,107,314,378,-9,3,4,2,2,3,2,8313,8853,134,7653,7909,138,660,944,-4,4,7,3,3,4,4,9938,11100,170,8953,9062,155,985,2038,15,4,8,3,3,4,5
LOLTMNT04_181081,complete,,LEC,2026,Summer,0,2026-08-01 19:41:26,2,16.15,8,Red,mid,Poby,oe:player:4e0ee55680fa265c49e158f85e26650,Natus Vincere,oe:team:d2ba9f92d85cff67d60aaad88e61048,0,Taliyah,Jayce,Orianna,Locke,Kai'Sa,Sivir,,,,,,1991,0,5,3,6,14,19,0,0,0,0,1,1,0,0,0.4219,0.9945,,,,,,,,,,,,,,,,,,,,,0,0,,,,,,,,,,0,0,22682,683.5359,0.240798,438.2019,278.5133,2013,16,0.4822,2,0.0603,5,37,1.1150,13986,9649,290.7785,0.235999,14225,,,317,301,16,,,9.5530,4002,4547,89,4018,4512,67,-16,35,22,2,1,1,2,2,0,6366,7247,136,5749,6643,112,617,604,24,3,2,1,2,2,0,8619,10007,185,7449,8689,141,1170,1318,44,4,5,2,3,4,0,10385,12721,234,9034,11674,162,1351,1047,72,4,5,2,4,4,0
LOLTMNT04_181081,complete,,LEC,2026,Summer,0,2026-08-01 19:41:26,2,16.15,9,Red,bot,SamD,oe:player:bc4f68ea698f26bb1e2f6d34f900f57,Natus Vincere,oe:team:d2ba9f92d85cff67d60aaad88e61048,0,Ziggs,Jayce,Orianna,Locke,Kai'Sa,Sivir,,,,,,1991,0,3,2,5,14,19,0,0,0,0,0,0,0,0,0.4219,0.9945,,,,,,,,,,,,,,,,,,,,,0,1,,,,,,,,,,0,0,30352,914.6760,0.322225,327.3029,170.5676,10472,15,0.4520,5,0.1507,4,50,1.5068,16209,11872,357.7700,0.290371,15500,,,327,326,1,,,9.8543,3913,4896,102,3466,4233,92,447,663,10,0,0,0,0,0,0,7680,8361,163,5716,6390,139,1964,1971,24,1,2,0,1,0,2,10259,11313,215,8153,9558,202,2106,1755,13,1,5,0,1,2,2,12670,13644,265,10076,11850,248,2594,1794,17,2,5,0,1,2,2
LOLTMNT04_181081,complete,,LEC,2026,Summer,0,2026-08-01 19:41:26,2,16.15,10,Red,sup,Parus,oe:player:a9cfbc13e22eefdd22af7b346ce2af4,Natus Vincere,oe:team:d2ba9f92d85cff67d60aaad88e61048,0,Camille,Jayce,Orianna,Locke,Kai'Sa,Sivir,,,,,,1991,0,1,5,6,14,19,0,0,0,0,1,0,1,0,0.4219,0.9945,,,,,,,,,,,,,,,,,,,,,0,0,,,,,,,,,,0,0,11323,341.2255,0.120208,753.1492,513.9628,0,76,2.2903,17,0.5123,25,168,5.0628,8309,3972,119.6986,0.0971451,7490,,,36,36,0,,,1.0849,2722,1946,16,2797,2151,13,-75,-205,3,0,3,2,0,4,2,3991,2861,22,3965,3378,21,26,-517,1,0,5,2,0,5,2,5439,3852,25,4998,4354,25,441,-502,0,1,5,3,0,5,3,6611,4231,29,6160,5228,32,451,-997,-3,1,6,3,0,5,3
LOLTMNT04_182126,complete,,LEC,2026,Summer,0,2026-08-02 15:08:27,1,16.15,1,Blue,top,BrokenBlade,oe:player:84bff3a326833c7c9181c698f676878,G2 Esports,oe:team:7d6673d3a9d00363c6bebc1a630da6e,1,Olaf,Poppy,Nocturne,Cassiopeia,Akali,Leona,,,,,,2492,1,4,2,5,19,11,0,0,0,0,1,1,0,0,0.4575,0.7223,,,,,,,,,,,,,,,,,,,,,0,0,,,,,,,,,,1,0,19287,464.3740,0.149783,1055.4414,1517.8170,13431,13,0.3130,11,0.2648,5,58,1.3965,17848,12489,300.6982,0.205723,16025,,,369,364,5,,,8.8844,4128,4628,93,3436,4817,88,692,-189,5,2,0,0,0,0,2,6136,8117,137,5326,7903,133,810,214,4,3,1,1,1,0,4,8238,11380,199,7786,11086,179,452,294,20,3,1,1,2,0,4,10174,14376,253,9647,14256,235,527,120,18,3,1,1,2,0,5
LOLTMNT04_182126,complete,,LEC,2026,Summer,0,2026-08-02 15:08:27,1,16.15,2,Blue,jng,SkewMond,oe:player:ab15060e5225b51592cd04b3aed1e09,G2 Esports,oe:team:7d6673d3a9d00363c6bebc1a630da6e,1,Skarner,Poppy,Nocturne,Cassiopeia,Akali,Leona,,,,,,2492,1,2,1,11,19,11,0,0,0,0,1,0,1,0,0.4575,0.7223,,,,,,,,,,,,,,,,,,,,,2,0,,,,,,,,,,0,0,21373,514.5987,0.165983,831.5249,2040.0000,974,11,0.2648,15,0.3612,10,77,1.8539,15070,9711,233.8122,0.159962,13700,,,276,31,245,,,6.6453,3789,4234,80,3616,4052,73,173,182,7,0,2,0,1,0,0,5672,6486,116,5057,5692,101,615,794,15,1,2,0,1,1,0,7558,9142,162,7106,8874,150,452,268,12,1,2,0,1,1,0,9293,11809,197,8612,11178,182,681,631,15,1,2,0,1,1,0
LOLTMNT04_182126,complete,,LEC,2026,Summer,0,2026-08-02 15:08:27,1,16.15,3,Blue,mid,Caps,oe:player:55dd587cdc4a278be6a5c37f9e539de,G2 Esports,oe:team:7d6673d3a9d00363c6bebc1a630da6e,1,Viktor,Poppy,Nocturne,Cassiopeia,Akali,Leona,,,,,,2492,1,5,3,6,19,11,0,0,0,0,0,0,0,0,0.4575,0.7223,,,,,,,,,,,,,,,,,,,,,0,0,,,,,,,,,,0,0,35047,843.8283,0.272176,466.2761,567.1348,14411,10,0.2408,17,0.4093,3,66,1.5891,19299,13940,335.6340,0.229624,18025,,,414,396,18,,,9.9679,3487,4858,97,3615,4940,90,-128,-82,7,0,0,1,0,1,0,5303,8133,161,5341,7360,144,-38,773,17,0,0,1,0,1,0,7218,10210,208,7533,10188,193,-315,22,15,0,0,3,1,2,0,9692,13485,274,9444,14614,253,248,-1129,21,1,0,3,1,2,0
LOLTMNT04_182126,complete,,LEC,2026,Summer,0,2026-08-02 15:08:27,1,16.15,4,Blue,bot,Hans Sama,oe:player:c62a5235ad6bc113a1e64eb0e9aa8c8,G2 Esports,oe:team:7d6673d3a9d00363c6bebc1a630da6e,1,Sivir,Poppy,Nocturne,Cassiopeia,Akali,Leona,,,,,,2492,1,7,1,6,19,11,1,0,0,0,0,0,0,0,0.4575,0.7223,,,,,,,,,,,,,,,,,,,,,0,0,,,,,,,,,,0,0,45316,1091.0754,0.351925,396.8138,395.2970,11255,23,0.5538,21,0.5056,8,71,1.7095,23402,18043,434.4222,0.297212,21800,,,493,461,32,,,11.8700,4220,4679,108,3872,4338,97,348,341,11,1,0,0,1,0,0,6158,7202,159,6218,7220,159,-60,-18,0,1,0,0,1,0,0,9028,10842,238,8681,10340,224,347,502,14,1,0,0,1,0,0,11454,13734,306,10858,13254,285,596,480,21,1,0,0,1,0,0
LOLTMNT04_182126,complete,,LEC,2026,Summer,0,2026-08-02 15:08:27,1,16.15,5,Blue,sup,Labrov,oe:player:bb6ac5763c6576e104a7a2f59eb4ddf,G2 Esports,oe:team:7d6673d3a9d00363c6bebc1a630da6e,1,Shen,Poppy,Nocturne,Cassiopeia,Akali,Leona,,,,,,2492,1,1,4,13,19,11,0,0,0,0,0,0,0,0,0.4575,0.7223,,,,,,,,,,,,,,,,,,,,,0,0,,,,,,,,,,1,0,7743,186.4286,0.0601323,620.8266,791.4848,403,74,1.7817,28,0.6742,28,192,4.6228,11884,6525,157.1027,0.10748,10355,,,50,50,0,,,1.2039,2368,1897,12,2412,2464,14,-44,-567,-2,0,1,1,0,1,1,3696,3623,18,3585,3780,21,111,-157,-3,0,2,1,0,2,1,4724,4943,21,4788,5409,22,-64,-466,-1,0,2,1,0,4,1,6096,6575,28,5985,6378,29,111,197,-1,0,3,1,0,4,1
LOLTMNT04_182126,complete,,LEC,2026,Summer,0,2026-08-02 15:08:27,1,16.15,6,Red,top,Wunder,oe:player:d11068c782573b34be81beb5a4eeb12,SK Gaming,oe:team:75760dca486d4682426196b76bd1a54,0,Jayce,Syndra,Jarvan IV,Vi,K'Sante,Yorick,,,,,,2492,0,4,8,2,11,19,0,0,0,0,0,0,0,1,0.2648,0.7223,,,,,,,,,,,,,,,,,,,,,0,0,,,,,,,,,,0,1,37473,902.2392,0.349223,689.3258,640.4976,7043,18,0.4334,8,0.1926,0,45,1.0835,17377,12018,289.3579,0.238212,17150,,,397,377,20,,,9.5586,3436,4817,88,4128,4628,93,-692,189,-5,0,0,2,2,0,0,5326,7903,133,6136,8117,137,-810,-214,-4,1,0,4,3,1,1,7786,11086,179,8238,11380,199,-452,-294,-20,2,0,4,3,1,1,9647,14256,235,10174,14376,253,-527,-120,-18,2,0,5,3,1,1
LOLTMNT04_182126,complete,,LEC,2026,Summer,0,2026-08-02 15:08:27,1,16.15,7,Red,jng,Skeanz,oe:player:682275c2ba204d32b67f5fa94b928e4,SK Gaming,oe:team:75760dca486d4682426196b76bd1a54,0,Lee Sin,Syndra,Jarvan IV,Vi,K'Sante,Yorick,,,,,,2492,0,3,3,4,11,19,0,0,0,0,0,0,0,0,0.2648,0.7223,,,,,,,,,,,,,,,,,,,,,0,2,,,,,,,,,,0,0,16954,408.2022,0.158,1136.3644,1343.4992,0,26,0.6260,7,0.1685,10,63,1.5169,14515,9156,220.4494,0.181483,14100,,,266,20,246,,,6.4045,3616,4052,73,3789,4234,80,-173,-182,-7,1,0,0,0,2,0,5057,5692,101,5672,6486,116,-615,-794,-15,1,1,0,1,2,0,7106,8874,150,7558,9142,162,-452,-268,-12,1,1,0,1,2,0,8612,11178,182,9293,11809,197,-681,-631,-15,1,1,0,1,2,0
LOLTMNT04_182126,complete,,LEC,2026,Summer,0,2026-08-02 15:08:27,1,16.15,8,Red,mid,SlowQ,oe:player:613a571a4b0b674547093130f2e4093,SK Gaming,oe:team:75760dca486d4682426196b76bd1a54,0,Anivia,Syndra,Jarvan IV,Vi,K'Sante,Yorick,,,,,,2492,0,1,1,6,11,19,0,0,0,0,0,0,0,0,0.2648,0.7223,,,,,,,,,,,,,,,,,,,,,0,0,,,,,,,,,,0,0,16704,402.1830,0.15567,927.3515,551.9181,5117,29,0.6982,5,0.1204,13,66,1.5891,15367,10008,240.9631,0.198371,14525,,,383,375,8,,,9.2215,3615,4940,90,3487,4858,97,128,82,-7,0,1,0,0,0,1,5341,7360,144,5303,8133,161,38,-773,-17,0,1,0,0,0,1,7533,10188,193,7218,10210,208,315,-22,-15,1,2,0,0,0,3,9444,14614,253,9692,13485,274,-248,1129,-21,1,2,0,1,0,3
LOLTMNT04_182126,complete,,LEC,2026,Summer,0,2026-08-02 15:08:27,1,16.15,9,Red,bot,Jopa,oe:player:e214e8e906f16ec13e9a88de30dc181,SK Gaming,oe:team:75760dca486d4682426196b76bd1a54,0,Ziggs,Syndra,Jarvan IV,Vi,K'Sante,Yorick,,,,,,2492,0,2,1,4,11,19,0,0,0,0,0,0,0,0,0.2648,0.7223,,,,,,,,,,,,,,,,,,,,,0,0,,,,,,,,,,0,0,29350,706.6613,0.273522,479.3740,261.5249,2285,15,0.3612,7,0.1685,7,40,0.9631,19987,14628,352.1990,0.289947,18775,,,440,432,8,,,10.5939,3872,4338,97,4220,4679,108,-348,-341,-11,1,0,0,1,0,0,6218,7220,159,6158,7202,159,60,18,0,1,0,0,1,0,0,8681,10340,224,9028,10842,238,-347,-502,-14,1,0,0,1,0,0,10858,13254,285,11454,13734,306,-596,-480,-21,1,0,0,1,0,0
LOLTMNT04_182126,complete,,LEC,2026,Summer,0,2026-08-02 15:08:27,1,16.15,10,Red,sup,Mikyx,oe:player:9d5052e9f9f4a63835f738441a3b1f6,SK Gaming,oe:team:75760dca486d4682426196b76bd1a54,0,Nautilus,Syndra,Jarvan IV,Vi,K'Sante,Yorick,,,,,,2492,0,1,6,9,11,19,0,0,0,0,0,0,0,0,0.2648,0.7223,,,,,,,,,,,,,,,,,,,,,0,0,,,,,,,,,,0,1,6823,164.2777,0.0635857,593.1621,1235.3451,0,101,2.4318,20,0.4815,40,194,4.6709,10000,4641,111.7416,0.0919873,9125,,,38,38,0,,,0.9149,2412,2464,14,2368,1897,12,44,567,2,0,1,1,0,1,1,3585,3780,21,3696,3623,18,-111,157,3,0,2,1,0,2,1,4788,5409,22,4724,4943,21,64,466,1,0,4,1,0,2,1,5985,6378,29,6096,6575,28,-111,-197,1,0,4,1,0,3,1
LOLTMNT04_182130,complete,,LEC,2026,Summer,0,2026-08-02 16:10:08,2,16.15,1,Blue,top,BrokenBlade,oe:player:84bff3a326833c7c9181c698f676878,G2 Esports,oe:team:7d6673d3a9d00363c6bebc1a630da6e,0,Vayne,Vi,Varus,Ezreal,Trundle,Xerath,,,,,,2604,1,6,5,8,27,24,1,0,0,0,0,0,0,1,0.6221,1.1751,,,,,,,,,,,,,,,,,,,,,0,0,,,,,,,,,,0,0,44778,1031.7512,0.294505,672.0046,330.3226,3750,22,0.5069,17,0.3917,5,81,1.8664,16957,11369,261.9585,0.195629,16175,,,313,313,0,,,7.2120,3445,4687,90,3386,4405,72,59,282,18,0,0,1,1,0,0,5484,7785,132,5260,7874,124,224,-89,8,2,0,1,2,0,1,7633,10629,180,7263,11529,188,370,-900,-8,2,1,1,2,0,1,9403,13260,207,9762,15529,241,-359,-2269,-34,3,3,2,3,2,1
LOLTMNT04_182130,complete,,LEC,2026,Summer,0,2026-08-02 16:10:08,2,16.15,2,Blue,jng,SkewMond,oe:player:ab15060e5225b51592cd04b3aed1e09,G2 Esports,oe:team:7d6673d3a9d00363c6bebc1a630da6e,0,Naafiri,Vi,Varus,Ezreal,Trundle,Xerath,,,,,,2604,1,8,3,7,27,24,1,1,0,0,0,0,0,0,0.6221,1.1751,,,,,,,,,,,,,,,,,,,,,1,0,,,,,,,,,,0,0,25466,586.7742,0.16749,656.1060,1073.7097,5355,16,0.3687,22,0.5069,16,92,2.1198,19389,13801,317.9954,0.237477,15400,,,319,48,271,,,7.3502,3813,4383,81,3330,4028,72,483,355,9,1,0,0,0,0,0,5468,6483,113,4985,6380,109,483,103,4,1,1,1,0,1,1,7974,9066,159,6646,8281,143,1328,785,16,1,2,1,0,1,1,10225,11412,190,8915,11613,184,1310,-201,6,3,2,2,1,3,1
LOLTMNT04_182130,complete,,LEC,2026,Summer,0,2026-08-02 16:10:08,2,16.15,3,Blue,mid,Caps,oe:player:55dd587cdc4a278be6a5c37f9e539de,G2 Esports,oe:team:7d6673d3a9d00363c6bebc1a630da6e,0,Cassiopeia,Vi,Varus,Ezreal,Trundle,Xerath,,,,,,2604,1,3,5,11,27,24,1,0,0,0,0,0,0,0,0.6221,1.1751,,,,,,,,,,,,,,,,,,,,,0,0,,,,,,,,,,1,0,22486,518.1106,0.14789,659.2396,578.6175,4701,17,0.3917,7,0.1613,7,49,1.1290,16685,11097,255.6912,0.190949,14600,,,373,361,12,,,8.5945,3514,4700,92,3367,4730,76,147,-30,16,0,1,1,1,0,1,5315,7888,146,5139,7558,128,176,330,18,0,2,1,1,1,2,7340,11150,208,7211,9993,175,129,1157,33,0,2,1,2,1,2,8926,15245,252,9064,12070,207,-138,3175,45,0,3,2,4,2,3
LOLTMNT04_182130,complete,,LEC,2026,Summer,0,2026-08-02 16:10:08,2,16.15,4,Blue,bot,Hans Sama,oe:player:c62a5235ad6bc113a1e64eb0e9aa8c8,G2 Esports,oe:team:7d6673d3a9d00363c6bebc1a630da6e,0,Corki,Vi,Varus,Ezreal,Trundle,Xerath,,,,,,2604,1,9,2,9,27,24,0,0,0,0,0,0,0,0,0.6221,1.1751,,,,,,,,,,,,,,,,,,,,,0,0,,,,,,,,,,0,0,49822,1147.9724,0.327679,559.5161,406.2903,8736,17,0.3917,17,0.3917,5,65,1.4977,21870,16282,375.1613,0.280167,19408,,,434,411,23,,,10.0000,3273,4560,87,3838,5186,97,-565,-626,-10,0,0,1,1,0,0,5810,7085,135,6941,8127,153,-1131,-1042,-18,1,0,1,3,0,0,8323,10122,201,9223,10852,213,-900,-730,-12,2,0,1,3,1,0,11176,13273,254,10952,12963,253,224,310,1,4,2,1,3,2,2
LOLTMNT04_182130,complete,,LEC,2026,Summer,0,2026-08-02 16:10:08,2,16.15,5,Blue,sup,Labrov,oe:player:bb6ac5763c6576e104a7a2f59eb4ddf,G2 Esports,oe:team:7d6673d3a9d00363c6bebc1a630da6e,0,Leona,Vi,Varus,Ezreal,Trundle,Xerath,,,,,,2604,1,1,9,17,27,24,0,0,0,0,0,0,0,0,0.6221,1.1751,,,,,,,,,,,,,,,,,,,,,0,0,,,,,,,,,,0,0,9493,218.7327,0.0624355,895.7143,876.9585,0,82,1.8894,21,0.4839,33,180,4.1475,11154,5566,128.2488,0.0957778,10785,,,35,35,0,,,0.8065,2081,1880,10,2422,2123,8,-341,-243,2,0,0,0,0,1,0,3581,3496,19,3968,3620,11,-387,-124,8,1,0,2,0,3,1,4686,4189,24,5229,4510,18,-543,-321,6,1,1,3,0,4,2,5787,5511,25,6487,5968,23,-700,-457,2,1,3,4,0,6,4
LOLTMNT04_182130,complete,,LEC,2026,Summer,0,2026-08-02 16:10:08,2,16.15,6,Red,top,Wunder,oe:player:d11068c782573b34be81beb5a4eeb12,SK Gaming,oe:team:75760dca486d4682426196b76bd1a54,1,Gnar,Poppy,Nocturne,Jarvan IV,Lucian,Galio,,,,,,2604,0,6,4,7,24,27,1,0,0,0,1,1,0,0,0.5530,1.1751,,,,,,,,,,,,,,,,,,,,,0,0,,,,,,,,,,0,0,33071,762.0046,0.283343,1141.9355,1615.8065,7038,21,0.4839,12,0.2765,1,67,1.5438,16680,11092,255.5760,0.209476,15658,,,357,349,8,,,8.2258,3386,4405,72,3445,4687,90,-59,-282,-18,1,0,0,0,0,1,5260,7874,124,5484,7785,132,-224,89,-8,2,0,1,2,0,1,7263,11529,188,7633,10629,180,-370,900,8,2,0,1,2,1,1,9762,15529,241,9403,13260,207,359,2269,34,3,2,1,3,3,2
LOLTMNT04_182130,complete,,LEC,2026,Summer,0,2026-08-02 16:10:08,2,16.15,7,Red,jng,Skeanz,oe:player:682275c2ba204d32b67f5fa94b928e4,SK Gaming,oe:team:75760dca486d4682426196b76bd1a54,1,Wukong,Poppy,Nocturne,Jarvan IV,Lucian,Galio,,,,,,2604,0,3,4,10,24,27,0,0,0,0,0,0,0,0,0.5530,1.1751,,,,,,,,,,,,,,,,,,,,,0,1,,,,,,,,,,0,0,24648,567.9263,0.211177,1025.9447,1275.6452,1981,10,0.2304,18,0.4147,9,71,1.6359,16347,10759,247.9032,0.203188,16058,,,292,27,265,,,6.7281,3330,4028,72,3813,4383,81,-483,-355,-9,0,0,0,1,0,0,4985,6380,109,5468,6483,113,-483,-103,-4,0,1,1,1,1,1,6646,8281,143,7974,9066,159,-1328,-785,-16,0,1,1,1,2,1,8915,11613,184,10225,11412,190,-1310,201,-6,1,3,1,3,2,2
LOLTMNT04_182130,complete,,LEC,2026,Summer,0,2026-08-02 16:10:08,2,16.15,8,Red,mid,SlowQ,oe:player:613a571a4b0b674547093130f2e4093,SK Gaming,oe:team:75760dca486d4682426196b76bd1a54,1,Locke,Poppy,Nocturne,Jarvan IV,Lucian,Galio,,,,,,2604,0,8,6,7,24,27,0,0,0,0,0,0,0,0,0.5530,1.1751,,,,,,,,,,,,,,,,,,,,,0,0,,,,,,,,,,0,1,23100,532.2581,0.197915,786.0138,531.6590,5641,14,0.3226,14,0.3226,6,60,1.3825,16826,11238,258.9401,0.212234,16100,,,332,328,4,,,7.6498,3367,4730,76,3514,4700,92,-147,30,-16,1,0,1,0,1,1,5139,7558,128,5315,7888,146,-176,-330,-18,1,1,2,0,2,1,7211,9993,175,7340,11150,208,-129,-1157,-33,2,1,2,0,2,1,9064,12070,207,8926,15245,252,138,-3175,-45,4,2,3,0,3,2
LOLTMNT04_182130,complete,,LEC,2026,Summer,0,2026-08-02 16:10:08,2,16.15,9,Red,bot,Jopa,oe:player:e214e8e906f16ec13e9a88de30dc181,SK Gaming,oe:team:75760dca486d4682426196b76bd1a54,1,Syndra,Poppy,Nocturne,Jarvan IV,Lucian,Galio,,,,,,2604,0,5,5,6,24,27,0,0,0,0,0,0,0,0,0.5530,1.1751,,,,,,,,,,,,,,,,,,,,,0,0,,,,,,,,,,0,0,29087,670.2074,0.24921,465.0922,283.4332,7673,22,0.5069,14,0.3226,10,70,1.6129,19279,13691,315.4608,0.258558,19200,,,412,408,4,,,9.4931,3838,5186,97,3273,4560,87,565,626,10,1,0,0,0,0,1,6941,8127,153,5810,7085,135,1131,1042,18,3,0,0,1,0,1,9223,10852,213,8323,10122,201,900,730,12,3,1,0,2,0,1,10952,12963,253,11176,13273,254,-224,-310,-1,3,2,2,4,2,1
LOLTMNT04_182130,complete,,LEC,2026,Summer,0,2026-08-02 16:10:08,2,16.15,10,Red,sup,Mikyx,oe:player:9d5052e9f9f4a63835f738441a3b1f6,SK Gaming,oe:team:75760dca486d4682426196b76bd1a54,1,Rell,Poppy,Nocturne,Jarvan IV,Lucian,Galio,,,,,,2604,0,2,8,10,24,27,0,0,0,0,1,0,1,0,0.5530,1.1751,,,,,,,,,,,,,,,,,,,,,0,0,,,,,,,,,,0,0,6811,156.9355,0.0583548,744.3318,992.9954,230,114,2.6267,21,0.4839,42,230,5.2995,11759,6171,142.1889,0.116544,11120,,,29,29,0,,,0.6682,2422,2123,8,2081,1880,10,341,243,-2,0,1,0,0,0,0,3968,3620,11,3581,3496,19,387,124,-8,0,3,1,1,0,2,5229,4510,18,4686,4189,24,543,321,-6,0,4,2,1,1,3,6487,5968,23,5787,5511,25,700,457,-2,0,6,4,1,3,4
LOLTMNT04_182141,complete,,LEC,2026,Summer,0,2026-08-02 17:19:20,1,16.15,1,Blue,top,Myrwn,oe:player:ede24d5e0911d7a4f6ec514a67802ff,Movistar KOI,oe:team:4acc40654379b4da680be1bd3129dfa,0,Ambessa,Jayce,Orianna,Rumble,Gnar,Bard,,,,,,1930,1,4,5,6,23,15,0,0,0,0,0,0,0,0,0.7150,1.1813,,,,,,,,,,,,,,,,,,,,,0,0,,,,,,,,,,0,0,20803,646.7254,0.189149,766.5078,1373.0984,10549,18,0.5596,4,0.1244,7,40,1.2435,12613,8400,261.1399,0.17325,10775,,,229,219,10,,,7.1192,3303,4870,86,3861,5647,92,-558,-777,-6,0,0,1,1,0,0,4896,8006,129,5976,8430,120,-1080,-424,9,0,0,2,2,1,2,7085,10436,158,7791,10381,148,-706,55,10,2,1,3,2,3,4,8500,12246,184,9782,14180,187,-1282,-1934,-3,2,1,4,2,7,4
LOLTMNT04_182141,complete,,LEC,2026,Summer,0,2026-08-02 17:19:20,1,16.15,2,Blue,jng,Elyoya,oe:player:8a8f18e4b7d0f30c19c5fb99a526951,Movistar KOI,oe:team:4acc40654379b4da680be1bd3129dfa,0,Pantheon,Jayce,Orianna,Rumble,Gnar,Bard,,,,,,1930,1,3,1,18,23,15,0,0,0,0,1,0,1,0,0.7150,1.1813,,,,,,,,,,,,,,,,,,,,,1,1,,,,,,,,,,0,0,24470,760.7254,0.222491,829.7098,892.6632,1741,9,0.2798,15,0.4663,5,56,1.7409,14353,10140,315.2332,0.209137,12375,,,252,24,228,,,7.8342,4207,4272,79,3831,4343,86,376,-71,-7,2,1,0,1,0,0,6481,7368,128,6005,7426,132,476,-58,-4,2,5,0,2,0,0,8690,10491,162,7807,9481,163,883,1010,-1,2,11,0,2,1,2,10544,13153,205,10990,12885,192,-446,268,13,2,11,1,3,4,2
LOLTMNT04_182141,complete,,LEC,2026,Summer,0,2026-08-02 17:19:20,1,16.15,3,Blue,mid,Jojopyun,oe:player:83eb62484689106807fcf5ad55b5479,Movistar KOI,oe:team:4acc40654379b4da680be1bd3129dfa,0,Cassiopeia,Jayce,Orianna,Rumble,Gnar,Bard,,,,,,1930,1,10,1,7,23,15,3,0,0,0,1,1,0,0,0.7150,1.1813,,,,,,,,,,,,,,,,,,,,,0,0,,,,,,,,,,0,0,29988,932.2694,0.272663,640.9741,761.9378,7875,15,0.4663,5,0.1554,3,40,1.2435,16220,12007,373.2746,0.247643,15025,,,332,314,18,,,10.3212,3848,5014,100,3224,4580,83,624,434,17,1,0,0,0,0,2,6567,8668,157,4795,6724,126,1772,1944,31,3,2,0,0,0,3,10052,12759,231,7024,8925,157,3028,3834,74,5,4,0,2,0,5,11687,16566,277,8640,11118,179,3047,5448,98,5,4,1,3,1,5
LOLTMNT04_182141,complete,,LEC,2026,Summer,0,2026-08-02 17:19:20,1,16.15,4,Blue,bot,Supa,oe:player:1223a0ed2bfab9b714c72d965df8133,Movistar KOI,oe:team:4acc40654379b4da680be1bd3129dfa,0,Kai'Sa,Jayce,Orianna,Rumble,Gnar,Bard,,,,,,1930,1,6,5,7,23,15,1,0,0,0,0,0,0,0,0.7150,1.1813,,,,,,,,,,,,,,,,,,,,,0,0,,,,,,,,,,1,0,24013,746.5181,0.218336,488.3627,528.8705,14410,15,0.4663,14,0.4352,6,51,1.5855,17703,13490,419.3782,0.278229,15500,,,328,317,11,,,10.1969,3527,3528,87,3716,3779,84,-189,-251,3,0,2,3,1,2,0,7259,6206,139,5969,6070,131,1290,136,8,3,2,4,1,3,1,11560,9401,201,8063,8575,187,3497,826,14,6,4,4,1,3,1,13850,11662,262,12361,12095,240,1489,-433,22,6,4,4,3,5,1
LOLTMNT04_182141,complete,,LEC,2026,Summer,0,2026-08-02 17:19:20,1,16.15,5,Blue,sup,Alvaro,oe:player:f5bf9bd732b85e4dcab5121e4769ae4,Movistar KOI,oe:team:4acc40654379b4da680be1bd3129dfa,0,Neeko,Jayce,Orianna,Rumble,Gnar,Bard,,,,,,1930,1,0,3,12,23,15,0,0,0,0,0,0,0,0,0.7150,1.1813,,,,,,,,,,,,,,,,,,,,,0,0,,,,,,,,,,0,0,10708,332.8912,0.0973614,484.9741,305.9689,533,64,1.9896,24,0.7461,23,155,4.8187,8661,4448,138.2798,0.0917419,8295,,,43,42,1,,,1.3368,2602,2382,18,2629,2618,13,-27,-236,5,0,2,0,1,1,1,3953,3633,29,3806,2970,17,147,663,12,0,4,0,1,2,2,5482,5587,32,5053,4031,19,429,1556,13,0,9,1,1,3,3,6614,6839,36,6475,7457,21,139,-618,15,0,9,2,1,7,3
LOLTMNT04_182141,complete,,LEC,2026,Summer,0,2026-08-02 17:19:20,1,16.15,6,Red,top,Soboro,oe:player:38e0af7278d6769d0c81d7c4b47ac1e,Fnatic,oe:team:78f183fa5a7d8ecb22b9ad272c3abd7,1,Zaahen,Nocturne,Camille,Poppy,Vayne,Renekton,,,,,,1930,0,3,5,7,15,23,0,0,0,0,0,0,0,0,0.4663,1.1813,,,,,,,,,,,,,,,,,,,,,0,0,,,,,,,,,,0,0,18886,587.1295,0.254025,1225.4611,1271.1606,20813,12,0.3731,5,0.1554,2,36,1.1192,13657,9444,293.5959,0.23353,13233,,,246,246,0,,,7.6477,3861,5647,92,3303,4870,86,558,777,6,1,0,0,0,0,1,5976,8430,120,4896,8006,129,1080,424,-9,2,1,2,0,0,2,7791,10381,148,7085,10436,158,706,-55,-10,2,3,4,2,1,3,9782,14180,187,8500,12246,184,1282,1934,3,2,7,4,2,1,4
LOLTMNT04_182141,complete,,LEC,2026,Summer,0,2026-08-02 17:19:20,1,16.15,7,Red,jng,Razork,oe:player:390ca7b6b38d552363eba1b5b54ff18,Fnatic,oe:team:78f183fa5a7d8ecb22b9ad272c3abd7,1,Vi,Nocturne,Camille,Poppy,Vayne,Renekton,,,,,,1930,0,4,4,6,15,23,0,0,0,0,0,0,0,0,0.4663,1.1813,,,,,,,,,,,,,,,,,,,,,1,1,,,,,,,,,,0,0,12035,374.1451,0.161876,975.2332,1156.7876,3047,13,0.4041,17,0.5285,9,61,1.8964,13367,9154,284.5803,0.226359,13175,,,221,40,181,,,6.8705,3831,4343,86,4207,4272,79,-376,71,7,1,0,0,2,1,0,6005,7426,132,6481,7368,128,-476,58,4,2,0,0,2,5,0,7807,9481,163,8690,10491,162,-883,-1010,1,2,1,2,2,11,0,10990,12885,192,10544,13153,205,446,-268,-13,3,4,2,2,11,1
LOLTMNT04_182141,complete,,LEC,2026,Summer,0,2026-08-02 17:19:20,1,16.15,8,Red,mid,Vladi,oe:player:367fecc4cb53a8234abbd9f283b7997,Fnatic,oe:team:78f183fa5a7d8ecb22b9ad272c3abd7,1,Syndra,Nocturne,Camille,Poppy,Vayne,Renekton,,,,,,1930,0,3,7,3,15,23,0,0,0,0,0,0,0,1,0.4663,1.1813,,,,,,,,,,,,,,,,,,,,,0,0,,,,,,,,,,0,0,14215,441.9171,0.191198,592.2591,258.8705,1255,21,0.6528,3,0.0933,10,43,1.3368,10798,6585,204.7150,0.162835,10550,,,223,223,0,,,6.9326,3224,4580,83,3848,5014,100,-624,-434,-17,0,0,2,1,0,0,4795,6724,126,6567,8668,157,-1772,-1944,-31,0,0,3,3,2,0,7024,8925,157,10052,12759,231,-3028,-3834,-74,2,0,5,5,4,0,8640,11118,179,11687,16566,277,-3047,-5448,-98,3,1,5,5,4,1
LOLTMNT04_182141,complete,,LEC,2026,Summer,0,2026-08-02 17:19:20,1,16.15,9,Red,bot,Upset,oe:player:fe4329cec43193c425eb28a4a4b304a,Fnatic,oe:team:78f183fa5a7d8ecb22b9ad272c3abd7,1,Ezreal,Nocturne,Camille,Poppy,Vayne,Renekton,,,,,,1930,0,4,2,7,15,23,1,0,0,0,0,0,0,0,0.4663,1.1813,,,,,,,,,,,,,,,,,,,,,0,0,,,,,,,,,,0,1,24952,775.7098,0.335615,646.4767,373.6788,5011,10,0.3109,9,0.2798,1,37,1.1503,15566,11353,352.9430,0.280735,15408,,,291,283,8,,,9.0466,3716,3779,84,3527,3528,87,189,251,-3,1,2,0,0,2,3,5969,6070,131,7259,6206,139,-1290,-136,-8,1,3,1,3,2,4,8063,8575,187,11560,9401,201,-3497,-826,-14,1,3,1,6,4,4,12361,12095,240,13850,11662,262,-1489,433,-22,3,5,1,6,4,4
LOLTMNT04_182141,complete,,LEC,2026,Summer,0,2026-08-02 17:19:20,1,16.15,10,Red,sup,Lospa,oe:player:0758af26fa0c3af6899bb1569059609,Fnatic,oe:team:78f183fa5a7d8ecb22b9ad272c3abd7,1,Alistar,Nocturne,Camille,Poppy,Vayne,Renekton,,,,,,1930,0,1,5,10,15,23,0,0,0,0,0,0,0,0,0.4663,1.1813,,,,,,,,,,,,,,,,,,,,,0,0,,,,,,,,,,0,0,4259,132.4041,0.0572854,584.7668,1030.5078,0,80,2.4870,9,0.2798,38,138,4.2902,8117,3904,121.3679,0.0965406,8020,,,22,22,0,,,0.6839,2629,2618,13,2602,2382,18,27,236,-5,1,1,1,0,2,0,3806,2970,17,3953,3633,29,-147,-663,-12,1,2,2,0,4,0,5053,4031,19,5482,5587,32,-429,-1556,-13,1,3,3,0,9,1,6475,7457,21,6614,6839,36,-139,618,-15,1,7,3,0,9,2
LOLTMNT04_182144,complete,,LEC,2026,Summer,0,2026-08-02 18:09:23,2,16.15,1,Blue,top,Myrwn,oe:player:ede24d5e0911d7a4f6ec514a67802ff,Movistar KOI,oe:team:4acc40654379b4da680be1bd3129dfa,0,Gnar,Jayce,Lucian,Jarvan IV,Bard,Kalista,,,,,,1865,0,3,3,4,12,21,0,0,0,0,0,0,0,0,0.3861,1.0617,,,,,,,,,,,,,,,,,,,,,0,0,,,,,,,,,,0,0,16219,521.7909,0.194661,683.2279,867.6997,5977,16,0.5147,9,0.2895,4,55,1.7694,12326,8246,265.2869,0.221751,12283,,,250,234,16,,,8.0429,3568,4543,77,4006,5362,93,-438,-819,-16,1,1,1,2,2,0,6240,8296,131,6210,8891,149,30,-595,-18,2,1,1,2,2,1,8241,11331,185,7809,11741,202,432,-410,-17,2,1,1,2,2,1,10166,14766,227,9159,14247,238,1007,519,-11,2,3,1,2,2,1
LOLTMNT04_182144,complete,,LEC,2026,Summer,0,2026-08-02 18:09:23,2,16.15,2,Blue,jng,Elyoya,oe:player:8a8f18e4b7d0f30c19c5fb99a526951,Movistar KOI,oe:team:4acc40654379b4da680be1bd3129dfa,0,Nocturne,Jayce,Lucian,Jarvan IV,Bard,Kalista,,,,,,1865,0,3,5,3,12,21,0,0,0,0,0,0,0,0,0.3861,1.0617,,,,,,,,,,,,,,,,,,,,,1,0,,,,,,,,,,0,1,14122,454.3271,0.169493,1113.0402,751.6247,4150,12,0.3861,13,0.4182,12,59,1.8981,12117,8037,258.5630,0.21613,10500,,,202,23,179,,,6.4987,4373,4149,77,3856,3817,73,517,332,4,2,2,1,1,3,2,6387,7158,123,6058,5788,107,329,1370,16,2,3,1,2,3,2,8307,9647,165,8067,8668,154,240,979,11,2,3,1,2,3,2,10039,12064,193,9536,10475,187,503,1589,6,2,3,1,2,3,3
LOLTMNT04_182144,complete,,LEC,2026,Summer,0,2026-08-02 18:09:23,2,16.15,3,Blue,mid,Jojopyun,oe:player:83eb62484689106807fcf5ad55b5479,Movistar KOI,oe:team:4acc40654379b4da680be1bd3129dfa,0,Yone,Jayce,Lucian,Jarvan IV,Bard,Kalista,,,,,,1865,0,3,2,7,12,21,0,0,0,0,0,0,0,0,0.3861,1.0617,,,,,,,,,,,,,,,,,,,,,0,0,,,,,,,,,,0,0,24288,781.3834,0.291506,992.8472,1038.1448,6809,15,0.4826,13,0.4182,4,54,1.7373,12666,8586,276.2252,0.230894,12550,,,291,267,24,,,9.3619,3604,5122,97,3789,4706,82,-185,416,15,0,3,1,2,0,1,5898,7682,148,5219,6641,125,679,1041,23,1,4,1,2,0,2,7783,10363,205,6666,8699,167,1117,1664,38,1,4,1,2,0,2,10160,13524,247,8076,10764,206,2084,2760,41,2,6,1,2,0,3
LOLTMNT04_182144,complete,,LEC,2026,Summer,0,2026-08-02 18:09:23,2,16.15,4,Blue,bot,Supa,oe:player:1223a0ed2bfab9b714c72d965df8133,Movistar KOI,oe:team:4acc40654379b4da680be1bd3129dfa,0,Viktor,Jayce,Lucian,Jarvan IV,Bard,Kalista,,,,,,1865,0,2,6,2,12,21,1,0,0,0,0,0,0,1,0.3861,1.0617,,,,,,,,,,,,,,,,,,,,,0,0,,,,,,,,,,0,0,22184,713.6944,0.266254,476.4611,422.6702,3316,11,0.3539,9,0.2895,3,29,0.9330,12063,7983,256.8257,0.214678,11775,,,279,279,0,,,8.9759,3040,3341,76,4116,4103,92,-1076,-762,-16,0,0,4,2,2,1,5188,6374,141,6645,7060,147,-1457,-686,-6,0,0,4,2,3,1,7124,9207,196,8720,9322,199,-1596,-115,-3,0,0,4,2,3,1,9994,12249,241,10375,11229,244,-381,1020,-3,2,1,4,2,3,1
LOLTMNT04_182144,complete,,LEC,2026,Summer,0,2026-08-02 18:09:23,2,16.15,5,Blue,sup,Alvaro,oe:player:f5bf9bd732b85e4dcab5121e4769ae4,Movistar KOI,oe:team:4acc40654379b4da680be1bd3129dfa,0,Galio,Jayce,Lucian,Jarvan IV,Bard,Kalista,,,,,,1865,0,1,5,9,12,21,0,0,0,0,0,0,0,0,0.3861,1.0617,,,,,,,,,,,,,,,,,,,,,0,0,,,,,,,,,,0,0,6506,209.3083,0.0780854,672.9330,954.9491,664,69,2.2198,10,0.3217,26,136,4.3753,8414,4334,139.4316,0.116547,8400,,,28,28,0,,,0.9008,3183,2574,15,3042,2715,14,141,-141,1,1,3,1,1,3,0,4538,3765,23,4178,3075,19,360,690,4,1,5,2,1,4,0,5640,3925,26,5288,4685,22,352,-760,4,1,5,2,1,4,0,7154,6403,27,6295,5907,26,859,496,1,1,8,2,1,4,1
LOLTMNT04_182144,complete,,LEC,2026,Summer,0,2026-08-02 18:09:23,2,16.15,6,Red,top,Soboro,oe:player:38e0af7278d6769d0c81d7c4b47ac1e,Fnatic,oe:team:78f183fa5a7d8ecb22b9ad272c3abd7,1,Rumble,Camille,Nautilus,Akali,Ziggs,Shen,,,,,,1865,1,5,2,8,21,12,1,0,0,0,0,0,0,0,0.6756,1.0617,,,,,,,,,,,,,,,,,,,,,0,0,,,,,,,,,,0,0,23714,762.9169,0.266758,575.6461,841.4477,3202,15,0.4826,0,0.0000,2,29,0.9330,12543,8463,272.2681,0.20382,9900,,,266,266,0,,,8.5576,4006,5362,93,3568,4543,77,438,819,16,2,2,0,1,1,1,6210,8891,149,6240,8296,131,-30,595,18,2,2,1,2,1,1,7809,11741,202,8241,11331,185,-432,410,17,2,2,1,2,1,1,9159,14247,238,10166,14766,227,-1007,-519,11,2,2,1,2,3,1
LOLTMNT04_182144,complete,,LEC,2026,Summer,0,2026-08-02 18:09:23,2,16.15,7,Red,jng,Razork,oe:player:390ca7b6b38d552363eba1b5b54ff18,Fnatic,oe:team:78f183fa5a7d8ecb22b9ad272c3abd7,1,Trundle,Camille,Nautilus,Akali,Ziggs,Shen,,,,,,1865,1,5,3,11,21,12,1,0,0,0,0,0,0,0,0.6756,1.0617,,,,,,,,,,,,,,,,,,,,,0,1,,,,,,,,,,1,0,15691,504.8043,0.176508,1144.1823,1573.6729,13590,11,0.3539,18,0.5791,8,64,2.0590,13568,9488,305.2440,0.228506,11883,,,221,36,185,,,7.1099,3856,3817,73,4373,4149,77,-517,-332,-4,1,3,2,2,2,1,6058,5788,107,6387,7158,123,-329,-1370,-16,2,3,2,2,3,1,8067,8668,154,8307,9647,165,-240,-979,-11,2,3,2,2,3,1,9536,10475,187,10039,12064,193,-503,-1589,-6,2,3,3,2,3,1
LOLTMNT04_182144,complete,,LEC,2026,Summer,0,2026-08-02 18:09:23,2,16.15,8,Red,mid,Vladi,oe:player:367fecc4cb53a8234abbd9f283b7997,Fnatic,oe:team:78f183fa5a7d8ecb22b9ad272c3abd7,1,Orianna,Camille,Nautilus,Akali,Ziggs,Shen,,,,,,1865,1,3,3,10,21,12,0,0,0,0,0,0,0,0,0.6756,1.0617,,,,,,,,,,,,,,,,,,,,,0,0,,,,,,,,,,0,0,19808,637.2547,0.22282,501.2332,410.7668,2845,20,0.6434,4,0.1287,9,36,1.1582,11027,6947,223.4960,0.167308,9375,,,245,245,0,,,7.8820,3789,4706,82,3604,5122,97,185,-416,-15,2,0,1,0,3,1,5219,6641,125,5898,7682,148,-679,-1041,-23,2,0,2,1,4,1,6666,8699,167,7783,10363,205,-1117,-1664,-38,2,0,2,1,4,1,8076,10764,206,10160,13524,247,-2084,-2760,-41,2,0,3,2,6,1
LOLTMNT04_182144,complete,,LEC,2026,Summer,0,2026-08-02 18:09:23,2,16.15,9,Red,bot,Upset,oe:player:fe4329cec43193c425eb28a4a4b304a,Fnatic,oe:team:78f183fa5a7d8ecb22b9ad272c3abd7,1,Xayah,Camille,Nautilus,Akali,Ziggs,Shen,,,,,,1865,1,7,2,9,21,12,2,0,0,0,1,1,0,0,0.6756,1.0617,,,,,,,,,,,,,,,,,,,,,0,0,,,,,,,,,,0,0,26471,851.6139,0.297772,668.2681,432.0643,7782,17,0.5469,8,0.2574,7,39,1.2547,16394,12314,396.1609,0.296568,14625,,,309,293,16,,,9.9410,4116,4103,92,3040,3341,76,1076,762,16,2,2,1,0,0,4,6645,7060,147,5188,6374,141,1457,686,6,2,3,1,0,0,4,8720,9322,199,7124,9207,196,1596,115,3,2,3,1,0,0,4,10375,11229,244,9994,12249,241,381,-1020,3,2,3,1,2,1,4
LOLTMNT04_182144,complete,,LEC,2026,Summer,0,2026-08-02 18:09:23,2,16.15,10,Red,sup,Lospa,oe:player:0758af26fa0c3af6899bb1569059609,Fnatic,oe:team:78f183fa5a7d8ecb22b9ad272c3abd7,1,Rakan,Camille,Nautilus,Akali,Ziggs,Shen,,,,,,1865,1,1,2,13,21,12,0,0,0,0,1,0,1,0,0.6756,1.0617,,,,,,,,,,,,,,,,,,,,,0,0,,,,,,,,,,0,0,3213,103.3673,0.036143,455.9357,687.6676,1799,67,2.1555,16,0.5147,30,140,4.5040,8390,4310,138.6595,0.103798,7185,,,31,31,0,,,0.9973,3042,2715,14,3183,2574,15,-141,141,-1,1,3,0,1,3,1,4178,3075,19,4538,3765,23,-360,-690,-4,1,4,0,1,5,2,5288,4685,22,5640,3925,26,-352,760,-4,1,4,0,1,5,2,6295,5907,26,7154,6403,27,-859,-496,-1,1,4,1,1,8,2
LOLTMNT04_182145,complete,,LEC,2026,Summer,0,2026-08-02 19:00:39,3,16.15,1,Blue,top,Myrwn,oe:player:ede24d5e0911d7a4f6ec514a67802ff,Movistar KOI,oe:team:4acc40654379b4da680be1bd3129dfa,0,Gragas,Jayce,Lucian,Caitlyn,Olaf,Taliyah,,,,,,1845,1,3,2,8,23,11,0,0,0,0,0,0,0,0,0.7480,1.1057,,,,,,,,,,,,,,,,,,,,,0,0,,,,,,,,,,0,0,21753,707.4146,0.224038,813.4634,937.7236,4763,11,0.3577,7,0.2276,5,46,1.4959,12021,7982,259.5772,0.175027,9825,,,232,232,0,,,7.5447,3151,5242,81,3438,4746,91,-287,496,-10,0,0,0,0,0,0,5445,8809,128,5108,8061,139,337,748,-11,1,0,0,0,0,0,6950,10711,162,8107,11739,181,-1157,-1028,-19,1,1,2,2,1,1,8499,15357,196,10053,14901,232,-1554,456,-36,1,3,2,2,2,1
LOLTMNT04_182145,complete,,LEC,2026,Summer,0,2026-08-02 19:00:39,3,16.15,2,Blue,jng,Elyoya,oe:player:8a8f18e4b7d0f30c19c5fb99a526951,Movistar KOI,oe:team:4acc40654379b4da680be1bd3129dfa,0,Xin Zhao,Jayce,Lucian,Caitlyn,Olaf,Taliyah,,,,,,1845,1,8,2,10,23,11,0,0,0,0,0,0,0,0,0.7480,1.1057,,,,,,,,,,,,,,,,,,,,,1,0,,,,,,,,,,0,0,26334,856.3902,0.271219,1249.7886,1008.3252,10091,11,0.3577,20,0.6504,9,74,2.4065,15257,11218,364.8130,0.245989,12275,,,238,29,209,,,7.7398,4499,4117,80,3515,4035,73,984,82,7,3,0,0,0,2,1,6746,6540,124,5170,6362,114,1576,178,10,4,1,0,0,2,2,8805,9028,153,7787,8991,145,1018,37,8,4,4,1,1,6,3,11548,11956,193,9259,10860,175,2289,1096,18,6,5,2,1,6,3
LOLTMNT04_182145,complete,,LEC,2026,Summer,0,2026-08-02 19:00:39,3,16.15,3,Blue,mid,Jojopyun,oe:player:83eb62484689106807fcf5ad55b5479,Movistar KOI,oe:team:4acc40654379b4da680be1bd3129dfa,0,Akali,Jayce,Lucian,Caitlyn,Olaf,Taliyah,,,,,,1845,1,7,2,4,23,11,1,0,0,0,0,0,0,0,0.7480,1.1057,,,,,,,,,,,,,,,,,,,,,0,0,,,,,,,,,,0,0,20257,658.7642,0.208631,719.0244,615.3821,2122,11,0.3577,9,0.2927,4,49,1.5935,13462,9423,306.4390,0.206627,12250,,,291,291,0,,,9.4634,4169,5155,102,3220,4788,88,949,367,14,1,1,0,0,0,0,5933,8024,159,4803,7496,141,1130,528,18,1,1,0,0,0,0,8089,11013,203,7811,10482,173,278,531,30,3,2,1,2,3,0,10392,13376,239,9082,11814,186,1310,1562,53,5,3,1,3,3,2
LOLTMNT04_182145,complete,,LEC,2026,Summer,0,2026-08-02 19:00:39,3,16.15,4,Blue,bot,Supa,oe:player:1223a0ed2bfab9b714c72d965df8133,Movistar KOI,oe:team:4acc40654379b4da680be1bd3129dfa,0,Ashe,Jayce,Lucian,Caitlyn,Olaf,Taliyah,,,,,,1845,1,4,3,11,23,11,1,0,0,0,0,0,0,1,0.7480,1.1057,,,,,,,,,,,,,,,,,,,,,0,0,,,,,,,,,,0,0,19866,646.0488,0.204604,477.3659,249.1382,19783,14,0.4553,6,0.1951,6,47,1.5285,15270,11231,365.2358,0.246274,12500,,,283,279,4,,,9.2033,3541,3710,93,3940,3553,88,-399,157,5,0,2,1,1,1,1,5783,5755,135,6158,5751,143,-375,4,-8,0,3,1,1,1,1,8805,8446,194,9362,8627,192,-557,-181,2,1,4,2,2,5,2,10781,10390,243,10884,10205,233,-103,185,10,1,5,2,2,5,4
LOLTMNT04_182145,complete,,LEC,2026,Summer,0,2026-08-02 19:00:39,3,16.15,5,Blue,sup,Alvaro,oe:player:f5bf9bd732b85e4dcab5121e4769ae4,Movistar KOI,oe:team:4acc40654379b4da680be1bd3129dfa,0,Seraphine,Jayce,Lucian,Caitlyn,Olaf,Taliyah,,,,,,1845,1,1,2,18,23,11,0,0,0,0,0,0,0,0,0.7480,1.1057,,,,,,,,,,,,,,,,,,,,,0,0,,,,,,,,,,1,0,8885,288.9431,0.0915083,370.4715,200.0325,3925,49,1.5935,16,0.5203,15,120,3.9024,9789,5750,186.9919,0.126082,7810,,,39,39,0,,,1.2683,2642,2882,16,2606,2429,19,36,453,-3,0,3,1,1,1,2,4002,3754,25,3664,3570,29,338,184,-4,0,4,1,1,1,3,5667,4652,29,4856,4536,34,811,116,-5,1,5,2,1,1,4,7244,6830,35,5903,5205,38,1341,1625,-3,1,9,2,1,1,4
LOLTMNT04_182145,complete,,LEC,2026,Summer,0,2026-08-02 19:00:39,3,16.15,6,Red,top,Soboro,oe:player:38e0af7278d6769d0c81d7c4b47ac1e,Fnatic,oe:team:78f183fa5a7d8ecb22b9ad272c3abd7,1,Jax,Camille,Nautilus,Poppy,Anivia,Ryze,,,,,,1845,0,2,3,2,11,23,0,0,0,0,0,0,0,0,0.3577,1.1057,,,,,,,,,,,,,,,,,,,,,0,0,,,,,,,,,,0,0,18515,602.1138,0.23413,979.0894,1135.7724,12429,16,0.5203,2,0.0650,4,38,1.2358,11514,7475,243.0894,0.211469,11333,,,266,266,0,,,8.6504,3438,4746,91,3151,5242,81,287,-496,10,0,0,0,0,0,0,5108,8061,139,5445,8809,128,-337,-748,11,0,0,0,1,0,0,8107,11739,181,6950,10711,162,1157,1028,19,2,1,1,1,1,2,10053,14901,232,8499,15357,196,1554,-456,36,2,2,1,1,3,2
LOLTMNT04_182145,complete,,LEC,2026,Summer,0,2026-08-02 19:00:39,3,16.15,7,Red,jng,Razork,oe:player:390ca7b6b38d552363eba1b5b54ff18,Fnatic,oe:team:78f183fa5a7d8ecb22b9ad272c3abd7,1,Jarvan IV,Camille,Nautilus,Poppy,Anivia,Ryze,,,,,,1845,0,2,6,6,11,23,0,0,0,0,1,0,1,0,0.3577,1.1057,,,,,,,,,,,,,,,,,,,,,0,1,,,,,,,,,,0,0,15938,518.3089,0.201543,1055.4797,1175.5772,152,10,0.3252,10,0.3252,10,50,1.6260,11629,7590,246.8293,0.214723,11500,,,194,11,183,,,6.3089,3515,4035,73,4499,4117,80,-984,-82,-7,0,2,1,3,0,0,5170,6362,114,6746,6540,124,-1576,-178,-10,0,2,2,4,1,0,7787,8991,145,8805,9028,153,-1018,-37,-8,1,6,3,4,4,1,9259,10860,175,11548,11956,193,-2289,-1096,-18,1,6,3,6,5,2
LOLTMNT04_182145,complete,,LEC,2026,Summer,0,2026-08-02 19:00:39,3,16.15,8,Red,mid,Vladi,oe:player:367fecc4cb53a8234abbd9f283b7997,Fnatic,oe:team:78f183fa5a7d8ecb22b9ad272c3abd7,1,Annie,Camille,Nautilus,Poppy,Anivia,Ryze,,,,,,1845,0,3,4,4,11,23,0,0,0,0,0,0,0,0,0.3577,1.1057,,,,,,,,,,,,,,,,,,,,,0,0,,,,,,,,,,0,0,19100,621.1382,0.241528,619.0244,387.1220,269,8,0.2602,6,0.1951,6,30,0.9756,10225,6186,201.1707,0.175001,9850,,,199,199,0,,,6.4715,3220,4788,88,4169,5155,102,-949,-367,-14,0,0,0,1,1,0,4803,7496,141,5933,8024,159,-1130,-528,-18,0,0,0,1,1,0,7811,10482,173,8089,11013,203,-278,-531,-30,2,3,0,3,2,1,9082,11814,186,10392,13376,239,-1310,-1562,-53,3,3,2,5,3,1
LOLTMNT04_182145,complete,,LEC,2026,Summer,0,2026-08-02 19:00:39,3,16.15,9,Red,bot,Upset,oe:player:fe4329cec43193c425eb28a4a4b304a,Fnatic,oe:team:78f183fa5a7d8ecb22b9ad272c3abd7,1,Yunara,Camille,Nautilus,Poppy,Anivia,Ryze,,,,,,1845,0,2,5,7,11,23,0,0,0,0,1,1,0,0,0.3577,1.1057,,,,,,,,,,,,,,,,,,,,,0,0,,,,,,,,,,0,0,21318,693.2683,0.269575,632.3902,373.2033,2950,15,0.4878,15,0.4878,4,55,1.7886,14486,10447,339.7398,0.295553,13900,,,320,304,16,,,10.4065,3940,3553,88,3541,3710,93,399,-157,-5,1,1,1,0,2,1,6158,5751,143,5783,5755,135,375,-4,8,1,1,1,0,3,1,9362,8627,192,8805,8446,194,557,181,-2,2,5,2,1,4,2,10884,10205,233,10781,10390,243,103,-185,-10,2,5,4,1,5,2
LOLTMNT04_182145,complete,,LEC,2026,Summer,0,2026-08-02 19:00:39,3,16.15,10,Red,sup,Lospa,oe:player:0758af26fa0c3af6899bb1569059609,Fnatic,oe:team:78f183fa5a7d8ecb22b9ad272c3abd7,1,Lulu,Camille,Nautilus,Poppy,Anivia,Ryze,,,,,,1845,0,2,5,2,11,23,0,0,0,0,1,0,1,0,0.3577,1.1057,,,,,,,,,,,,,,,,,,,,,0,0,,,,,,,,,,0,1,4209,136.8780,0.0532246,386.6016,178.6016,70,70,2.2764,11,0.3577,31,125,4.0650,7689,3650,118.6992,0.103254,6940,,,39,39,0,,,1.2683,2606,2429,19,2642,2882,16,-36,-453,3,1,1,2,0,3,1,3664,3570,29,4002,3754,25,-338,-184,4,1,1,3,0,4,1,4856,4536,34,5667,4652,29,-811,-116,5,1,1,4,1,5,2,5903,5205,38,7244,6830,35,-1341,-1625,3,1,1,4,1,9,2
LOLTMNT04_181154,complete,,LEC,2026,Summer,0,2026-08-03 15:09:03,1,16.15,1,Blue,top,Maynter,oe:player:63dd174baf11b12006e5dc29c2269a1,Natus Vincere,oe:team:d2ba9f92d85cff67d60aaad88e61048,0,Jax,Jayce,Cassiopeia,Orianna,Locke,Akali,,,,,,2382,1,4,4,8,20,16,0,0,0,0,0,0,0,1,0.5038,0.9068,,,,,,,,,,,,,,,,,,,,,0,0,,,,,,,,,,0,0,19406,488.8161,0.200851,926.0705,781.2091,12048,18,0.4534,6,0.1511,5,42,1.0579,15293,10158,255.8690,0.182563,14458,,,296,289,7,,,7.4559,3429,4577,75,4116,4887,94,-687,-310,-19,1,0,1,1,0,0,4962,7849,124,6032,8703,158,-1070,-854,-34,1,0,1,1,1,0,7148,10969,177,7794,11302,201,-646,-333,-24,2,0,1,2,1,0,9011,14005,228,10123,13973,245,-1112,32,-17,2,0,2,3,1,1
LOLTMNT04_181154,complete,,LEC,2026,Summer,0,2026-08-03 15:09:03,1,16.15,2,Blue,jng,Rhilech,oe:player:cbe20c64274a87a21e5bdac1ccc3e77,Natus Vincere,oe:team:d2ba9f92d85cff67d60aaad88e61048,0,Zaahen,Jayce,Cassiopeia,Orianna,Locke,Akali,,,,,,2382,1,5,3,9,20,16,1,1,0,0,0,0,0,0,0.5038,0.9068,,,,,,,,,,,,,,,,,,,,,1,1,,,,,,,,,,1,0,22736,572.6952,0.235316,1333.4509,1373.2746,8933,16,0.4030,21,0.5290,14,99,2.4937,17993,12858,323.8791,0.231088,15283,,,315,40,275,,,7.9345,3502,3995,78,3522,4202,79,-20,-207,-1,0,1,0,0,0,0,5581,6282,118,5662,7067,127,-81,-785,-9,1,1,0,1,0,0,8179,9417,168,7569,9336,164,610,81,4,1,2,1,2,0,1,10448,12460,212,9917,12443,209,531,17,3,1,3,1,3,1,1
LOLTMNT04_181154,complete,,LEC,2026,Summer,0,2026-08-03 15:09:03,1,16.15,3,Blue,mid,Poby,oe:player:4e0ee55680fa265c49e158f85e26650,Natus Vincere,oe:team:d2ba9f92d85cff67d60aaad88e61048,0,Syndra,Jayce,Cassiopeia,Orianna,Locke,Akali,,,,,,2382,1,2,2,14,20,16,0,0,0,0,0,0,0,0,0.5038,0.9068,,,,,,,,,,,,,,,,,,,,,0,0,,,,,,,,,,0,0,20208,509.0176,0.209151,579.1436,238.4635,1532,17,0.4282,5,0.1259,6,35,0.8816,15577,10442,263.0227,0.187668,14750,,,368,359,9,,,9.2695,3494,4619,93,3472,4977,93,22,-358,0,0,0,0,0,0,0,5365,7514,155,5672,7753,152,-307,-239,3,0,1,1,1,0,0,7198,10197,206,7641,10621,209,-443,-424,-3,0,2,1,1,2,0,8649,11862,236,9678,13368,266,-1029,-1506,-30,0,3,1,1,2,0
LOLTMNT04_181154,complete,,LEC,2026,Summer,0,2026-08-03 15:09:03,1,16.15,4,Blue,bot,SamD,oe:player:bc4f68ea698f26bb1e2f6d34f900f57,Natus Vincere,oe:team:d2ba9f92d85cff67d60aaad88e61048,0,Corki,Jayce,Cassiopeia,Orianna,Locke,Akali,,,,,,2382,1,6,4,7,20,16,2,0,0,0,0,0,0,0,0.5038,0.9068,,,,,,,,,,,,,,,,,,,,,0,0,,,,,,,,,,0,0,26462,666.5491,0.27388,699.4458,395.5919,10626,18,0.4534,14,0.3526,3,65,1.6373,21133,15998,402.9723,0.287521,19418,,,407,397,10,,,10.2519,3459,4542,97,3465,4697,88,-6,-155,9,0,0,0,0,0,0,5862,7462,158,5515,7639,144,347,-177,14,0,1,0,0,1,1,8834,10502,227,7524,10072,189,1310,430,38,0,1,0,0,2,1,11456,12925,281,9862,12842,235,1594,83,46,1,1,1,0,4,1
LOLTMNT04_181154,complete,,LEC,2026,Summer,0,2026-08-03 15:09:03,1,16.15,5,Blue,sup,Parus,oe:player:a9cfbc13e22eefdd22af7b346ce2af4,Natus Vincere,oe:team:d2ba9f92d85cff67d60aaad88e61048,0,Leona,Jayce,Cassiopeia,Orianna,Locke,Akali,,,,,,2382,1,3,3,16,20,16,0,0,0,0,0,0,0,0,0.5038,0.9068,,,,,,,,,,,,,,,,,,,,,0,0,,,,,,,,,,0,0,7807,196.6499,0.0808019,635.3904,718.2116,1128,105,2.6448,25,0.6297,37,208,5.2393,11320,6185,155.7935,0.11116,8870,,,36,36,0,,,0.9068,2369,1910,8,2461,1802,11,-92,108,-3,0,1,0,0,1,1,3489,2762,14,3609,3134,19,-120,-372,-5,0,2,1,0,2,1,4880,3794,18,4925,4323,27,-45,-529,-9,1,2,2,0,4,2,6027,5126,23,6440,5812,34,-413,-686,-11,1,3,2,0,6,2
LOLTMNT04_181154,complete,,LEC,2026,Summer,0,2026-08-03 15:09:03,1,16.15,6,Red,top,Rooster,oe:player:285954244fdc2bcce532fb88a1e0ddb,Shifters,oe:team:a2065488a11a2c0a2403a7b347eec61,1,Olaf,Jarvan IV,Camille,Bard,Ezreal,Vayne,,,,,,2382,0,4,5,3,16,20,0,0,0,0,1,1,0,0,0.4030,0.9068,,,,,,,,,,,,,,,,,,,,,0,0,,,,,,,,,,0,0,20998,528.9169,0.155457,693.0982,1295.9698,3981,9,0.2267,11,0.2771,7,55,1.3854,15291,10156,255.8186,0.205147,15555,,,335,335,0,,,8.4383,4116,4887,94,3429,4577,75,687,310,19,1,0,0,1,0,1,6032,8703,158,4962,7849,124,1070,854,34,1,1,0,1,0,1,7794,11302,201,7148,10969,177,646,333,24,2,1,0,2,0,1,10123,13973,245,9011,14005,228,1112,-32,17,3,1,1,2,0,2
LOLTMNT04_181154,complete,,LEC,2026,Summer,0,2026-08-03 15:09:03,1,16.15,7,Red,jng,Sheo,oe:player:404079b4e478ea2a8b57904c640311b,Shifters,oe:team:a2065488a11a2c0a2403a7b347eec61,1,Nocturne,Jarvan IV,Camille,Bard,Ezreal,Vayne,,,,,,2382,0,5,5,4,16,20,0,0,0,0,0,0,0,0,0.4030,0.9068,,,,,,,,,,,,,,,,,,,,,1,1,,,,,,,,,,0,1,21053,530.3023,0.155864,1164.2569,971.2343,2490,13,0.3275,10,0.2519,7,52,1.3098,15576,10441,262.9975,0.210904,15375,,,287,33,254,,,7.2292,3522,4202,79,3502,3995,78,20,207,1,0,0,0,0,1,0,5662,7067,127,5581,6282,118,81,785,9,1,0,0,1,1,0,7569,9336,164,8179,9417,168,-610,-81,-4,2,0,1,1,2,1,9917,12443,209,10448,12460,212,-531,-17,-3,3,1,1,1,3,1
LOLTMNT04_181154,complete,,LEC,2026,Summer,0,2026-08-03 15:09:03,1,16.15,8,Red,mid,nuc,oe:player:8f862245fbdb4d065e46c83630b9495,Shifters,oe:team:a2065488a11a2c0a2403a7b347eec61,1,Viktor,Jarvan IV,Camille,Bard,Ezreal,Vayne,,,,,,2382,0,4,2,6,16,20,0,0,0,0,0,0,0,0,0.4030,0.9068,,,,,,,,,,,,,,,,,,,,,0,0,,,,,,,,,,0,0,35008,881.8136,0.259178,408.9169,683.7028,5767,22,0.5542,7,0.1763,8,60,1.5113,16000,10865,273.6776,0.219468,15800,,,367,356,11,,,9.2443,3472,4977,93,3494,4619,93,-22,358,0,0,0,0,0,0,0,5672,7753,152,5365,7514,155,307,239,-3,1,0,0,0,1,1,7641,10621,209,7198,10197,206,443,424,3,1,2,0,0,2,1,9678,13368,266,8649,11862,236,1029,1506,30,1,2,0,0,3,1
LOLTMNT04_181154,complete,,LEC,2026,Summer,0,2026-08-03 15:09:03,1,16.15,9,Red,bot,Paduck,oe:player:326f63d01099f1c8b91620cbc893813,Shifters,oe:team:a2065488a11a2c0a2403a7b347eec61,1,Ziggs,Jarvan IV,Camille,Bard,Ezreal,Vayne,,,,,,2382,0,3,3,7,16,20,0,0,0,0,0,0,0,0,0.4030,0.9068,,,,,,,,,,,,,,,,,,,,,0,0,,,,,,,,,,0,0,49483,1246.4232,0.366343,288.3375,153.7783,9990,20,0.5038,6,0.1511,8,48,1.2091,17953,12818,322.8715,0.258917,16800,,,337,337,0,,,8.4887,3465,4697,88,3459,4542,97,6,155,-9,0,0,0,0,0,0,5515,7639,144,5862,7462,158,-347,177,-14,0,1,1,0,1,0,7524,10072,189,8834,10502,227,-1310,-430,-38,0,2,1,0,1,0,9862,12842,235,11456,12925,281,-1594,-83,-46,0,4,1,1,1,1
LOLTMNT04_181154,complete,,LEC,2026,Summer,0,2026-08-03 15:09:03,1,16.15,10,Red,sup,Stend,oe:player:41672e17bc1f86dc5d93955c031d2a9,Shifters,oe:team:a2065488a11a2c0a2403a7b347eec61,1,Shen,Jarvan IV,Camille,Bard,Ezreal,Vayne,,,,,,2382,0,0,5,13,16,20,0,0,0,0,1,0,1,0,0.4030,0.9068,,,,,,,,,,,,,,,,,,,,,0,0,,,,,,,,,,0,0,8531,214.8866,0.0631584,586.2469,880.4786,189,90,2.2670,32,0.8060,37,222,5.5919,10361,5226,131.6373,0.105564,10055,,,46,46,0,,,1.1587,2461,1802,11,2369,1910,8,92,-108,3,0,1,1,0,1,0,3609,3134,19,3489,2762,14,120,372,5,0,2,1,0,2,1,4925,4323,27,4880,3794,18,45,529,9,0,4,2,1,2,2,6440,5812,34,6027,5126,23,413,686,11,0,6,2,1,3,2
LOLTMNT04_181168,complete,,LEC,2026,Summer,0,2026-08-03 16:10:05,2,16.15,1,Blue,top,Maynter,oe:player:63dd174baf11b12006e5dc29c2269a1,Natus Vincere,oe:team:d2ba9f92d85cff67d60aaad88e61048,1,Rumble,Jayce,Poppy,Locke,Xin Zhao,Skarner,,,,,,2073,1,4,0,11,22,10,0,0,0,0,0,0,0,0,0.6368,0.9262,,,,,,,,,,,,,,,,,,,,,0,0,,,,,,,,,,0,0,25478,737.4240,0.221822,551.5774,862.7207,7729,20,0.5789,2,0.0579,8,41,1.1867,16384,11879,343.8205,0.229049,15250,,,282,274,8,,,8.1621,3629,5021,97,3641,5255,102,-12,-234,-5,0,0,0,0,0,0,5763,8367,140,5802,9235,155,-39,-868,-15,0,1,0,1,0,0,7767,11148,187,7859,12209,212,-92,-1061,-25,0,1,0,1,0,0,9769,14177,217,9349,14509,245,420,-332,-28,1,5,0,1,1,0
LOLTMNT04_181168,complete,,LEC,2026,Summer,0,2026-08-03 16:10:05,2,16.15,2,Blue,jng,Rhilech,oe:player:cbe20c64274a87a21e5bdac1ccc3e77,Natus Vincere,oe:team:d2ba9f92d85cff67d60aaad88e61048,1,Vi,Jayce,Poppy,Locke,Xin Zhao,Skarner,,,,,,2073,1,7,2,10,22,10,0,0,0,0,0,0,0,0,0.6368,0.9262,,,,,,,,,,,,,,,,,,,,,1,0,,,,,,,,,,0,0,14933,432.2142,0.130013,1001.5340,1694.1534,1375,15,0.4342,12,0.3473,12,71,2.0550,15787,11282,326.5412,0.217538,12700,,,260,24,236,,,7.5253,3865,4345,81,3372,3969,76,493,376,5,1,1,0,0,0,0,5644,6549,118,5231,6772,124,413,-223,-6,1,2,1,0,1,1,7452,9157,159,7591,9853,173,-139,-696,-14,1,2,1,1,1,1,9406,11078,185,9435,12219,214,-29,-1141,-29,2,5,2,1,2,2
LOLTMNT04_181168,complete,,LEC,2026,Summer,0,2026-08-03 16:10:05,2,16.15,3,Blue,mid,Poby,oe:player:4e0ee55680fa265c49e158f85e26650,Natus Vincere,oe:team:d2ba9f92d85cff67d60aaad88e61048,1,Annie,Jayce,Poppy,Locke,Xin Zhao,Skarner,,,,,,2073,1,2,0,10,22,10,0,0,0,0,0,0,0,0,0.6368,0.9262,,,,,,,,,,,,,,,,,,,,,0,0,,,,,,,,,,0,0,21581,624.6310,0.187893,220.6946,237.6266,8088,8,0.2315,9,0.2605,5,32,0.9262,13234,8729,252.6483,0.168314,12475,,,282,282,0,,,8.1621,3484,4677,88,3039,4621,71,445,56,17,0,2,0,0,0,1,5227,7299,141,5193,7568,129,34,-269,12,0,2,0,1,0,1,7216,9696,192,7346,10433,182,-130,-737,10,0,2,0,1,0,1,8724,11158,213,8678,13062,202,46,-1904,11,1,5,0,2,1,3
LOLTMNT04_181168,complete,,LEC,2026,Summer,0,2026-08-03 16:10:05,2,16.15,4,Blue,bot,SamD,oe:player:bc4f68ea698f26bb1e2f6d34f900f57,Natus Vincere,oe:team:d2ba9f92d85cff67d60aaad88e61048,1,Varus,Jayce,Poppy,Locke,Xin Zhao,Skarner,,,,,,2073,1,8,1,10,22,10,1,0,0,0,0,0,0,0,0.6368,0.9262,,,,,,,,,,,,,,,,,,,,,1,0,,,,,,,,,,0,0,40824,1181.5919,0.35543,360.0868,265.1230,14119,15,0.4342,19,0.5499,2,59,1.7077,19313,14808,428.5962,0.285523,17250,,,341,329,12,,,9.8698,3737,4540,95,3779,4217,90,-42,323,5,1,0,0,1,0,0,7772,7164,148,5953,6151,126,1819,1013,22,3,0,1,2,0,1,9949,10082,215,7970,8758,182,1979,1324,33,3,0,1,2,0,1,12836,13146,272,10100,10651,222,2736,2495,50,4,2,1,3,2,2
LOLTMNT04_181168,complete,,LEC,2026,Summer,0,2026-08-03 16:10:05,2,16.15,5,Blue,sup,Parus,oe:player:a9cfbc13e22eefdd22af7b346ce2af4,Natus Vincere,oe:team:d2ba9f92d85cff67d60aaad88e61048,1,Camille,Jayce,Poppy,Locke,Xin Zhao,Skarner,,,,,,2073,1,1,7,13,22,10,0,0,0,0,0,0,0,1,0.6368,0.9262,,,,,,,,,,,,,,,,,,,,,0,0,,,,,,,,,,1,0,12042,348.5384,0.104842,876.7294,593.2562,3195,69,1.9971,12,0.3473,27,133,3.8495,9669,5164,149.4645,0.0995766,9455,,,34,32,2,,,0.9841,2195,1850,14,2519,2113,13,-324,-263,1,0,1,1,0,1,1,3715,3396,20,3915,2943,17,-200,453,3,0,3,2,0,4,1,4897,4310,23,5222,3664,23,-325,646,0,0,3,3,0,4,1,6462,6144,24,6679,4692,26,-217,1452,-2,1,5,5,1,5,2
LOLTMNT04_181168,complete,,LEC,2026,Summer,0,2026-08-03 16:10:05,2,16.15,6,Red,top,Rooster,oe:player:285954244fdc2bcce532fb88a1e0ddb,Shifters,oe:team:a2065488a11a2c0a2403a7b347eec61,0,K'Sante,Jarvan IV,Cassiopeia,Orianna,Kai'Sa,Taliyah,,,,,,2073,0,1,2,1,10,22,0,0,0,0,0,0,0,0,0.2894,0.9262,,,,,,,,,,,,,,,,,,,,,0,0,,,,,,,,,,0,0,8120,235.0217,0.110835,681.8813,1898.7844,5500,10,0.2894,6,0.1737,3,40,1.1577,11566,7061,204.3705,0.203071,11925,,,284,284,0,,,8.2200,3641,5255,102,3629,5021,97,12,234,5,0,0,0,0,0,0,5802,9235,155,5763,8367,140,39,868,15,1,0,0,0,1,0,7859,12209,212,7767,11148,187,92,1061,25,1,0,0,0,1,0,9349,14509,245,9769,14177,217,-420,332,28,1,1,0,1,5,0
LOLTMNT04_181168,complete,,LEC,2026,Summer,0,2026-08-03 16:10:05,2,16.15,7,Red,jng,Sheo,oe:player:404079b4e478ea2a8b57904c640311b,Shifters,oe:team:a2065488a11a2c0a2403a7b347eec61,0,Naafiri,Jarvan IV,Cassiopeia,Orianna,Kai'Sa,Taliyah,,,,,,2073,0,3,6,2,10,22,0,0,0,0,0,0,0,0,0.2894,0.9262,,,,,,,,,,,,,,,,,,,,,0,1,,,,,,,,,,0,0,19829,573.9219,0.270659,974.6454,710.9696,0,8,0.2315,13,0.3763,5,54,1.5630,12436,7931,229.5514,0.22809,11925,,,255,25,230,,,7.3806,3372,3969,76,3865,4345,81,-493,-376,-5,0,0,0,1,1,0,5231,6772,124,5644,6549,118,-413,223,6,0,1,1,1,2,1,7591,9853,173,7452,9157,159,139,696,14,1,1,1,1,2,1,9435,12219,214,9406,11078,185,29,1141,29,1,2,2,2,5,2
LOLTMNT04_181168,complete,,LEC,2026,Summer,0,2026-08-03 16:10:05,2,16.15,8,Red,mid,nuc,oe:player:8f862245fbdb4d065e46c83630b9495,Shifters,oe:team:a2065488a11a2c0a2403a7b347eec61,0,Anivia,Jarvan IV,Cassiopeia,Orianna,Kai'Sa,Taliyah,,,,,,2073,0,2,4,1,10,22,0,0,0,0,0,0,0,0,0.2894,0.9262,,,,,,,,,,,,,,,,,,,,,0,0,,,,,,,,,,0,0,12208,353.3430,0.166635,983.7048,376.6715,6078,15,0.4342,6,0.1737,6,42,1.2156,10689,6184,178.9870,0.177851,10400,,,233,233,0,,,6.7438,3039,4621,71,3484,4677,88,-445,-56,-17,0,0,1,0,2,0,5193,7568,129,5227,7299,141,-34,269,-12,1,0,1,0,2,0,7346,10433,182,7216,9696,192,130,737,-10,1,0,1,0,2,0,8678,13062,202,8724,11158,213,-46,1904,-11,2,1,3,1,5,0
LOLTMNT04_181168,complete,,LEC,2026,Summer,0,2026-08-03 16:10:05,2,16.15,9,Red,bot,Paduck,oe:player:326f63d01099f1c8b91620cbc893813,Shifters,oe:team:a2065488a11a2c0a2403a7b347eec61,0,Ezreal,Jarvan IV,Cassiopeia,Orianna,Kai'Sa,Taliyah,,,,,,2073,0,3,4,2,10,22,0,0,0,0,1,1,0,0,0.2894,0.9262,,,,,,,,,,,,,,,,,,,,,0,1,,,,,,,,,,0,0,26903,778.6686,0.367216,645.9913,315.1664,3122,16,0.4631,5,0.1447,6,31,0.8973,13934,9429,272.9088,0.271169,13483,,,306,302,4,,,8.8567,3779,4217,90,3737,4540,95,42,-323,-5,1,0,0,1,0,0,5953,6151,126,7772,7164,148,-1819,-1013,-22,2,0,1,3,0,1,7970,8758,182,9949,10082,215,-1979,-1324,-33,2,0,1,3,0,1,10100,10651,222,12836,13146,272,-2736,-2495,-50,3,2,2,4,2,1
LOLTMNT04_181168,complete,,LEC,2026,Summer,0,2026-08-03 16:10:05,2,16.15,10,Red,sup,Stend,oe:player:41672e17bc1f86dc5d93955c031d2a9,Shifters,oe:team:a2065488a11a2c0a2403a7b347eec61,0,Rell,Jarvan IV,Cassiopeia,Orianna,Kai'Sa,Taliyah,,,,,,2073,0,1,6,6,10,22,0,0,0,0,1,0,1,0,0.2894,0.9262,,,,,,,,,,,,,,,,,,,,,0,0,,,,,,,,,,0,1,6202,179.5080,0.0846551,573.9797,705.4993,0,75,2.1708,19,0.5499,24,155,4.4863,8671,4166,120.5789,0.119818,8170,,,30,30,0,,,0.8683,2519,2113,13,2195,1850,14,324,263,-1,0,1,1,0,1,1,3915,2943,17,3715,3396,20,200,-453,-3,0,4,1,0,3,2,5222,3664,23,4897,4310,23,325,-646,0,0,4,1,0,3,3,6679,4692,26,6462,6144,24,217,-1452,2,1,5,2,1,5,5
LOLTMNT04_182188,complete,,LEC,2026,Summer,0,2026-08-03 17:12:09,1,16.15,1,Blue,top,Canna,oe:player:7577c239c73fa5f3011cd7b5503e75e,Karmine Corp,oe:team:f3aa9bbd924ce3af42ac53f8326bc7c,1,Ambessa,Poppy,Akali,Nocturne,Vayne,Galio,,,,,,2396,1,3,1,5,18,6,1,0,0,0,0,0,0,0,0.4508,0.6010,,,,,,,,,,,,,,,,,,,,,0,0,,,,,,,,,,1,0,31268,783.0050,0.254354,700.6427,1461.6611,11598,23,0.5760,7,0.1753,8,66,1.6528,18028,12865,322.1619,0.22764,16500,,,406,398,8,,,10.1669,3426,5379,97,3691,5472,110,-265,-93,-13,0,0,0,0,0,0,5144,9048,148,5656,9228,171,-512,-180,-23,0,0,0,0,0,0,7216,12265,197,7206,11679,216,10,586,-19,0,1,0,0,0,1,9864,16185,257,9993,14792,266,-129,1393,-9,1,2,0,1,0,2
LOLTMNT04_182188,complete,,LEC,2026,Summer,0,2026-08-03 17:12:09,1,16.15,2,Blue,jng,Yike,oe:player:4203fc46c4c6333e9bfa9d0a8618677,Karmine Corp,oe:team:f3aa9bbd924ce3af42ac53f8326bc7c,1,Lee Sin,Poppy,Akali,Nocturne,Vayne,Galio,,,,,,2396,1,7,1,4,18,6,1,0,0,0,1,1,0,0,0.4508,0.6010,,,,,,,,,,,,,,,,,,,,,2,0,,,,,,,,,,0,0,19591,490.5927,0.159366,1020.7763,1986.7613,1692,24,0.6010,12,0.3005,8,73,1.8280,17350,12187,305.1836,0.215642,14600,,,310,13,297,,,7.7629,3565,4453,84,3702,4681,91,-137,-228,-7,0,0,0,0,0,0,6546,7553,134,5312,6637,126,1234,916,8,3,2,0,0,1,1,8568,9511,161,7295,8915,169,1273,596,-8,4,2,0,0,1,1,10678,13187,214,8718,10166,184,1960,3021,30,4,2,0,0,2,2
LOLTMNT04_182188,complete,,LEC,2026,Summer,0,2026-08-03 17:12:09,1,16.15,3,Blue,mid,kyeahoo,oe:player:308e48bf56284c09a1a9aadf55bc80c,Karmine Corp,oe:team:f3aa9bbd924ce3af42ac53f8326bc7c,1,Syndra,Poppy,Akali,Nocturne,Vayne,Galio,,,,,,2396,1,3,1,8,18,6,0,0,0,0,1,0,1,0,0.4508,0.6010,,,,,,,,,,,,,,,,,,,,,0,0,,,,,,,,,,1,0,27240,682.1369,0.221588,312.8965,186.0601,8604,19,0.4758,14,0.3506,10,60,1.5025,17476,12313,308.3389,0.217872,14200,,,385,381,4,,,9.6411,3849,5420,116,3281,4642,92,568,778,24,0,0,0,0,0,0,6036,7796,161,4937,6640,131,1099,1156,30,1,4,0,1,0,1,7863,9800,197,6942,9860,189,921,-60,8,1,4,0,1,0,1,9749,12389,247,9063,14215,246,686,-1826,1,1,4,1,1,0,1
LOLTMNT04_182188,complete,,LEC,2026,Summer,0,2026-08-03 17:12:09,1,16.15,4,Blue,bot,Caliste,oe:player:e2af2b779499aa25ab9a9c10c9a5ffd,Karmine Corp,oe:team:f3aa9bbd924ce3af42ac53f8326bc7c,1,Viktor,Poppy,Akali,Nocturne,Vayne,Galio,,,,,,2396,1,3,1,9,18,6,0,0,0,0,1,0,1,0,0.4508,0.6010,,,,,,,,,,,,,,,,,,,,,0,0,,,,,,,,,,1,0,39966,1000.8180,0.325109,417.0451,619.0067,9381,18,0.4508,6,0.1503,0,33,0.8264,19038,13875,347.4541,0.245512,16900,,,412,411,1,,,10.3172,3815,4282,104,3616,4315,104,199,-33,0,0,0,0,0,0,0,6177,7420,155,5702,6434,150,475,986,5,0,4,0,0,1,1,8498,10143,207,7558,9213,207,940,930,0,0,4,0,0,1,1,10845,13258,275,9881,12000,269,964,1258,6,0,4,0,0,1,1
LOLTMNT04_182188,complete,,LEC,2026,Summer,0,2026-08-03 17:12:09,1,16.15,5,Blue,sup,Busio,oe:player:3e722c8ede909c83af9342c41805a16,Karmine Corp,oe:team:f3aa9bbd924ce3af42ac53f8326bc7c,1,Shen,Poppy,Akali,Nocturne,Vayne,Galio,,,,,,2396,1,2,2,12,18,6,0,0,0,0,1,0,1,0,0.4508,0.6010,,,,,,,,,,,,,,,,,,,,,0,0,,,,,,,,,,0,0,4866,121.8531,0.0395832,498.6811,661.0267,0,92,2.3038,17,0.4257,30,181,4.5326,10438,5275,132.0952,0.0933339,9385,,,34,34,0,,,0.8514,2108,2372,17,2332,2344,23,-224,28,-6,0,0,0,0,0,0,3645,3193,20,3379,3044,26,266,149,-6,1,4,1,0,1,2,4799,3611,22,4428,4458,29,371,-847,-7,1,5,1,0,1,2,6446,5937,25,5924,6288,36,522,-351,-11,2,6,1,0,2,2
LOLTMNT04_182188,complete,,LEC,2026,Summer,0,2026-08-03 17:12:09,1,16.15,6,Red,top,Tracyn,oe:player:1725cf69407d2dcdf2873d0669409e8,Team Heretics,oe:team:1285e1c04d54de96502f12da4d49458,0,Renekton,Vi,Jayce,Orianna,Gnar,Sivir,,,,,,2396,0,2,4,1,6,18,0,0,0,0,0,0,0,0,0.1503,0.6010,,,,,,,,,,,,,,,,,,,,,0,0,,,,,,,,,,0,1,16109,403.3973,0.205561,1126.3022,1423.3222,8705,11,0.2755,10,0.2504,6,51,1.2771,15948,10785,270.0751,0.231529,15450,,,375,367,8,,,9.3907,3691,5472,110,3426,5379,97,265,93,13,0,0,0,0,0,0,5656,9228,171,5144,9048,148,512,180,23,0,0,0,0,0,0,7206,11679,216,7216,12265,197,-10,-586,19,0,0,1,0,1,0,9993,14792,266,9864,16185,257,129,-1393,9,1,0,2,1,2,0
LOLTMNT04_182188,complete,,LEC,2026,Summer,0,2026-08-03 17:12:09,1,16.15,7,Red,jng,Daglas,oe:player:b49867477e266c5da8e995074e18f80,Team Heretics,oe:team:1285e1c04d54de96502f12da4d49458,0,Jarvan IV,Vi,Jayce,Orianna,Gnar,Sivir,,,,,,2396,0,0,4,5,6,18,0,0,0,0,0,0,0,0,0.1503,0.6010,,,,,,,,,,,,,,,,,,,,,0,2,,,,,,,,,,0,0,14209,355.8180,0.181316,806.9950,997.9883,1463,13,0.3255,21,0.5259,11,90,2.2538,13922,8759,219.3406,0.188033,13225,,,267,26,241,,,6.6861,3702,4681,91,3565,4453,84,137,228,7,0,0,0,0,0,0,5312,6637,126,6546,7553,134,-1234,-916,-8,0,1,1,3,2,0,7295,8915,169,8568,9511,161,-1273,-596,8,0,1,1,4,2,0,8718,10166,184,10678,13187,214,-1960,-3021,-30,0,2,2,4,2,0
LOLTMNT04_182188,complete,,LEC,2026,Summer,0,2026-08-03 17:12:09,1,16.15,8,Red,mid,Serin,oe:player:e3b8d5a9290fe0c7458dc01db4dc9dc,Team Heretics,oe:team:1285e1c04d54de96502f12da4d49458,0,Cassiopeia,Vi,Jayce,Orianna,Gnar,Sivir,,,,,,2396,0,3,3,0,6,18,0,0,0,0,0,0,0,0,0.1503,0.6010,,,,,,,,,,,,,,,,,,,,,0,0,,,,,,,,,,0,1,13746,344.2237,0.175408,851.4942,693.5058,3995,19,0.4758,6,0.1503,5,54,1.3523,15591,10428,261.1352,0.223864,14025,,,358,358,0,,,8.9649,3281,4642,92,3849,5420,116,-568,-778,-24,0,0,0,0,0,0,4937,6640,131,6036,7796,161,-1099,-1156,-30,1,0,1,1,4,0,6942,9860,189,7863,9800,197,-921,60,-8,1,0,1,1,4,0,9063,14215,246,9749,12389,247,-686,1826,-1,1,0,1,1,4,1
LOLTMNT04_182188,complete,,LEC,2026,Summer,0,2026-08-03 17:12:09,1,16.15,9,Red,bot,Hype,oe:player:2452114de900ce4bb971851b668786d,Team Heretics,oe:team:1285e1c04d54de96502f12da4d49458,0,Ezreal,Vi,Jayce,Orianna,Gnar,Sivir,,,,,,2396,0,1,3,3,6,18,0,0,0,0,0,0,0,0,0.1503,0.6010,,,,,,,,,,,,,,,,,,,,,0,0,,,,,,,,,,0,1,30453,762.5960,0.3886,802.0367,479.6494,1416,14,0.3506,14,0.3506,3,46,1.1519,17798,12635,316.4023,0.271245,17308,,,440,428,12,,,11.0184,3616,4315,104,3815,4282,104,-199,33,0,0,0,0,0,0,0,5702,6434,150,6177,7420,155,-475,-986,-5,0,1,1,0,4,0,7558,9213,207,8498,10143,207,-940,-930,0,0,1,1,0,4,0,9881,12000,269,10845,13258,275,-964,-1258,-6,0,1,1,0,4,0
LOLTMNT04_182188,complete,,LEC,2026,Summer,0,2026-08-03 17:12:09,1,16.15,10,Red,sup,Way,oe:player:8c6395564a23f3c2af8d378540012b0,Team Heretics,oe:team:1285e1c04d54de96502f12da4d49458,0,Nautilus,Vi,Jayce,Orianna,Gnar,Sivir,,,,,,2396,0,0,4,3,6,18,0,0,0,0,0,0,0,1,0.1503,0.6010,,,,,,,,,,,,,,,,,,,,,0,0,,,,,,,,,,0,0,3849,96.3856,0.0491157,455.9098,771.7863,0,73,1.8280,27,0.6761,29,183,4.5826,9138,3975,99.5409,0.085328,8525,,,47,47,0,,,1.1770,2332,2344,23,2108,2372,17,224,-28,6,0,0,0,0,0,0,3379,3044,26,3645,3193,20,-266,-149,6,0,1,2,1,4,1,4428,4458,29,4799,3611,22,-371,847,7,0,1,2,1,5,1,5924,6288,36,6446,5937,25,-522,351,11,0,2,2,2,6,1
LOLTMNT04_182197,complete,,LEC,2026,Summer,0,2026-08-03 18:12:18,2,16.15,1,Blue,top,Canna,oe:player:7577c239c73fa5f3011cd7b5503e75e,Karmine Corp,oe:team:f3aa9bbd924ce3af42ac53f8326bc7c,0,Rumble,Vi,Orianna,Nocturne,Skarner,Olaf,,,,,,2073,1,1,3,2,16,5,0,0,0,0,0,0,0,0,0.4631,0.6078,,,,,,,,,,,,,,,,,,,,,0,0,,,,,,,,,,0,0,23257,673.1404,0.249823,671.3459,1028.6252,8512,13,0.3763,9,0.2605,3,56,1.6208,12741,8236,238.3792,0.169292,11515,,,291,271,20,,,8.4226,3696,5105,86,3701,5027,88,-5,78,-2,1,0,0,1,0,1,5463,8509,134,5758,8380,132,-295,129,2,1,0,1,2,0,1,7681,11865,197,7269,11107,180,412,758,17,1,0,1,2,0,1,9377,13662,233,8846,13817,229,531,-155,4,1,0,1,2,0,1
LOLTMNT04_182197,complete,,LEC,2026,Summer,0,2026-08-03 18:12:18,2,16.15,2,Blue,jng,Yike,oe:player:4203fc46c4c6333e9bfa9d0a8618677,Karmine Corp,oe:team:f3aa9bbd924ce3af42ac53f8326bc7c,0,Poppy,Vi,Orianna,Nocturne,Skarner,Olaf,,,,,,2073,1,2,1,9,16,5,0,0,0,0,0,0,0,0,0.4631,0.6078,,,,,,,,,,,,,,,,,,,,,1,0,,,,,,,,,,0,0,10607,307.0043,0.113939,1013.4588,1833.7482,5433,15,0.4342,13,0.3763,11,81,2.3444,13713,9208,266.5123,0.189271,11800,,,265,32,233,,,7.6700,3717,4077,72,3646,4052,77,71,25,-5,0,4,1,0,1,0,5888,6630,120,5462,6643,118,426,-13,2,1,4,1,0,2,0,7898,9145,163,7047,8496,150,851,649,13,1,4,1,0,2,1,9677,11999,207,8418,9892,168,1259,2107,39,1,4,1,0,2,1
LOLTMNT04_182197,complete,,LEC,2026,Summer,0,2026-08-03 18:12:18,2,16.15,3,Blue,mid,kyeahoo,oe:player:308e48bf56284c09a1a9aadf55bc80c,Karmine Corp,oe:team:f3aa9bbd924ce3af42ac53f8326bc7c,0,Anivia,Vi,Orianna,Nocturne,Skarner,Olaf,,,,,,2073,1,2,1,6,16,5,0,0,0,0,0,0,0,1,0.4631,0.6078,,,,,,,,,,,,,,,,,,,,,0,0,,,,,,,,,,0,0,20304,587.6700,0.218102,828.3357,547.2359,7137,21,0.6078,12,0.3473,10,54,1.5630,14338,9833,284.6020,0.202117,13350,,,312,311,1,,,9.0304,3673,5070,89,3790,5202,93,-117,-132,-4,1,0,1,1,0,1,5500,7695,137,5369,7646,141,131,49,-4,1,0,1,1,0,1,7303,10759,182,7105,10762,194,198,-3,-12,1,2,1,1,0,1,8874,14648,230,9007,13640,256,-133,1008,-26,1,2,1,1,0,1
LOLTMNT04_182197,complete,,LEC,2026,Summer,0,2026-08-03 18:12:18,2,16.15,4,Blue,bot,Caliste,oe:player:e2af2b779499aa25ab9a9c10c9a5ffd,Karmine Corp,oe:team:f3aa9bbd924ce3af42ac53f8326bc7c,0,Ashe,Vi,Orianna,Nocturne,Skarner,Olaf,,,,,,2073,1,8,0,5,16,5,2,0,0,0,0,0,0,0,0.4631,0.6078,,,,,,,,,,,,,,,,,,,,,0,0,,,,,,,,,,1,0,29068,841.3314,0.312244,498.5239,663.0970,16007,18,0.5210,13,0.3763,5,54,1.5630,20240,15735,455.4269,0.323427,17625,,,389,366,23,,,11.2590,4086,3412,85,3192,3431,82,894,-19,3,1,1,0,0,0,1,6460,5424,136,5291,5681,130,1169,-257,6,1,3,0,0,1,2,9586,7944,201,7037,7699,186,2549,245,15,3,3,0,0,1,2,12087,10830,269,9344,10146,262,2743,684,7,3,3,0,0,1,2
LOLTMNT04_182197,complete,,LEC,2026,Summer,0,2026-08-03 18:12:18,2,16.15,5,Blue,sup,Busio,oe:player:3e722c8ede909c83af9342c41805a16,Karmine Corp,oe:team:f3aa9bbd924ce3af42ac53f8326bc7c,0,Seraphine,Vi,Orianna,Nocturne,Skarner,Olaf,,,,,,2073,1,3,0,10,16,5,0,0,0,0,0,0,0,0,0.4631,0.6078,,,,,,,,,,,,,,,,,,,,,0,0,,,,,,,,,,0,0,9858,285.3256,0.105893,551.3169,492.5036,1080,69,1.9971,18,0.5210,22,151,4.3705,10143,5638,163.1838,0.115893,7910,,,40,40,0,,,1.1577,2746,2965,17,2376,2803,12,370,162,5,1,1,0,0,0,1,4209,4169,23,3622,4014,17,587,155,6,2,2,0,0,1,2,5489,5614,24,4589,5668,19,900,-54,5,2,4,0,0,1,3,6537,6818,29,5586,7677,21,951,-859,8,2,4,0,0,1,3
LOLTMNT04_182197,complete,,LEC,2026,Summer,0,2026-08-03 18:12:18,2,16.15,6,Red,top,Tracyn,oe:player:1725cf69407d2dcdf2873d0669409e8,Team Heretics,oe:team:1285e1c04d54de96502f12da4d49458,1,Jayce,Camille,Akali,Bard,Caitlyn,Yunara,,,,,,2073,0,2,3,1,5,16,0,0,0,0,0,0,0,0,0.1447,0.6078,,,,,,,,,,,,,,,,,,,,,0,0,,,,,,,,,,0,0,19055,551.5195,0.206552,509.4356,357.0188,2059,13,0.3763,11,0.3184,2,51,1.4761,12079,7574,219.2185,0.224406,11750,,,312,312,0,,,9.0304,3701,5027,88,3696,5105,86,5,-78,2,1,0,1,1,0,0,5758,8380,132,5463,8509,134,295,-129,-2,2,0,1,1,0,1,7269,11107,180,7681,11865,197,-412,-758,-17,2,0,1,1,0,1,8846,13817,229,9377,13662,233,-531,155,-4,2,0,1,1,0,1
LOLTMNT04_182197,complete,,LEC,2026,Summer,0,2026-08-03 18:12:18,2,16.15,7,Red,jng,Daglas,oe:player:b49867477e266c5da8e995074e18f80,Team Heretics,oe:team:1285e1c04d54de96502f12da4d49458,1,Maokai,Camille,Akali,Bard,Caitlyn,Yunara,,,,,,2073,0,0,2,3,5,16,0,0,0,0,1,0,1,0,0.1447,0.6078,,,,,,,,,,,,,,,,,,,,,0,1,,,,,,,,,,0,0,23831,689.7540,0.258322,1152.8799,1068.6541,0,9,0.2605,10,0.2894,8,50,1.4472,11104,6599,190.9986,0.19552,10750,,,200,12,188,,,5.7887,3646,4052,77,3717,4077,72,-71,-25,5,0,1,0,0,4,1,5462,6643,118,5888,6630,120,-426,13,-2,0,2,0,1,4,1,7047,8496,150,7898,9145,163,-851,-649,-13,0,2,1,1,4,1,8418,9892,168,9677,11999,207,-1259,-2107,-39,0,2,1,1,4,1
LOLTMNT04_182197,complete,,LEC,2026,Summer,0,2026-08-03 18:12:18,2,16.15,8,Red,mid,Serin,oe:player:e3b8d5a9290fe0c7458dc01db4dc9dc,Team Heretics,oe:team:1285e1c04d54de96502f12da4d49458,1,Azir,Camille,Akali,Bard,Caitlyn,Yunara,,,,,,2073,0,2,3,0,5,16,0,0,0,0,1,1,0,0,0.1447,0.6078,,,,,,,,,,,,,,,,,,,,,0,0,,,,,,,,,,0,0,26288,760.8683,0.284956,731.2012,716.7873,4505,17,0.4920,9,0.2605,6,48,1.3893,11717,7212,208.7410,0.213682,11650,,,299,299,0,,,8.6541,3790,5202,93,3673,5070,89,117,132,4,1,0,1,1,0,1,5369,7646,141,5500,7695,137,-131,-49,4,1,0,1,1,0,1,7105,10762,194,7303,10759,182,-198,3,12,1,0,1,1,2,1,9007,13640,256,8874,14648,230,133,-1008,26,1,0,1,1,2,1
LOLTMNT04_182197,complete,,LEC,2026,Summer,0,2026-08-03 18:12:18,2,16.15,9,Red,bot,Hype,oe:player:2452114de900ce4bb971851b668786d,Team Heretics,oe:team:1285e1c04d54de96502f12da4d49458,1,Lucian,Camille,Akali,Bard,Caitlyn,Yunara,,,,,,2073,0,1,4,2,5,16,0,0,0,0,0,0,0,0,0.1447,0.6078,,,,,,,,,,,,,,,,,,,,,0,0,,,,,,,,,,0,1,19783,572.5904,0.214443,592.8220,561.2735,987,16,0.4631,14,0.4052,4,52,1.5051,13670,9165,265.2677,0.271542,13450,,,358,339,19,,,10.3618,3192,3431,82,4086,3412,85,-894,19,-3,0,0,1,1,1,0,5291,5681,130,6460,5424,136,-1169,257,-6,0,1,2,1,3,0,7037,7699,186,9586,7944,201,-2549,-245,-15,0,1,2,3,3,0,9344,10146,262,12087,10830,269,-2743,-684,-7,0,1,2,3,3,0
LOLTMNT04_182197,complete,,LEC,2026,Summer,0,2026-08-03 18:12:18,2,16.15,10,Red,sup,Way,oe:player:8c6395564a23f3c2af8d378540012b0,Team Heretics,oe:team:1285e1c04d54de96502f12da4d49458,1,Milio,Camille,Akali,Bard,Caitlyn,Yunara,,,,,,2073,0,0,4,3,5,16,0,0,0,0,0,0,0,0,0.1447,0.6078,,,,,,,,,,,,,,,,,,,,,0,0,,,,,,,,,,0,0,3296,95.3980,0.0357278,410.8828,245.4124,0,67,1.9392,15,0.4342,23,137,3.9653,7706,3201,92.6483,0.0948491,7250,,,26,26,0,,,0.7525,2376,2803,12,2746,2965,17,-370,-162,-5,0,0,1,1,1,0,3622,4014,17,4209,4169,23,-587,-155,-6,0,1,2,2,2,0,4589,5668,19,5489,5614,24,-900,54,-5,0,1,3,2,4,0,5586,7677,21,6537,6818,29,-951,859,-8,0,1,3,2,4,0
